Plot_ID,Blue,Green,Red,RedEdge,NIR,GrainYield
1101,2.1164376953509563,3.577355607242758,4.271876733530581,6.273418861243961,11.422588110484533,
1102,2.001138585930434,3.3522523769968418,3.883257051076855,5.852461203982276,10.994433505425135,
1103,1.5654935979162385,2.779666089606544,2.8665947562187046,5.055003777438301,10.381430761009046,
1104,0.6576535883775763,1.517056317250006,1.00202195151775,3.665265939416843,12.300175867509099,
1105,0.7235961578151638,1.8328101738381908,1.145175559334976,4.4475617895471995,14.07303478986261,713.3333333333334
1106,0.7036430729546725,1.7541005200641693,0.9847288275209564,4.3069001758811165,14.72922256461803,677.3333333333334
1107,0.7026344019161113,2.0268044264891056,1.2313720808663804,4.888529002795826,14.429838138845344,361.3333333333333
1108,0.6999792997729407,1.8752697011093697,1.1767935007265504,4.566431936083195,14.212931065051444,697.3333333333334
1109,0.7893681381021638,2.008064658011852,1.2332682583743388,4.7513014934350934,14.226814375359504,664.0
1110,0.717179101815028,1.9314445746046276,1.1510755335697822,4.670186950173232,14.497726769124462,456.0
1111,0.716354758515013,1.953113389367772,1.1961745546893205,4.6645294574115175,14.27401205833469,493.3333333333333
1112,0.7017509083325475,1.7826464823489705,1.1259647445993386,4.359974516371992,13.625075906336248,729.3333333333334
1113,0.7853128737885506,1.9682387367295484,1.1871503894408573,4.645152283171631,14.060716180643807,654.6666666666666
1114,0.7751969069218501,1.998081969402885,1.2931458046879793,4.821786232435301,13.747630362156478,534.6666666666666
1115,0.7233697967940123,1.8432632479022149,1.1400100884620064,4.471583944753123,13.920402597862157,625.3333333333334
1116,0.8010041163556991,1.941053440269555,1.2858395152856485,4.468433144565157,12.94361499904226,644.0
1117,0.7569935283764507,1.9314688346151054,1.294479971132449,4.576367497710981,12.98144906275566,622.6666666666666
1118,0.8249759459906838,2.0557923288897646,1.4177015496524996,4.673874095120715,12.717299350865536,529.3333333333334
1119,0.8127640278595539,2.046437337850798,1.4791616911716203,4.789899879249392,13.488488693085923,622.6666666666666
1120,0.774158801971504,1.9328165470603895,1.2719115735918598,4.6143590585506065,13.156748305213826,290.6666666666667
1121,0.8128058142530405,2.1377965848183402,1.4719687810654662,4.90851732609084,13.37448657344997,566.6666666666666
1122,0.8501994671588262,2.051347667335098,1.4256634369828842,4.642326379624295,12.486623822900624,602.6666666666666
1123,0.7766164119335479,2.221898550947292,1.5025798689052943,5.187611684750855,13.36304226140712,360.0
1124,0.735980190411815,1.8668146540008013,1.2106247355435218,4.496474255227464,12.942471669088038,554.6666666666666
1125,0.8096058855555752,2.007909173145334,1.3397336485600648,4.564069590844314,12.77785551836271,464.0
1126,0.768520777491255,1.9318514362084755,1.2665535719089491,4.524605606058021,13.401946771354785,576.0
1127,0.712002874800369,1.8319853467451028,1.1901939444619871,4.306695272788282,12.94392399145438,645.3333333333334
1128,0.8134143755514327,1.9245072737705735,1.2436575415823152,4.390361851401297,12.843419906426043,641.3333333333334
1129,0.7730692386641029,1.9052192474733796,1.240647245595784,4.459553472575039,13.29240211497933,622.6666666666666
1130,0.6964985326666917,1.8169070620919507,1.2415140955551862,4.257542776873715,12.06396438306463,484.0
1131,0.8005267449834266,1.9734503932284333,1.3412361805547128,4.496936103604384,12.36304123833894,569.3333333333334
1132,0.7861010434197455,1.87344049802344,1.2682239278334253,4.230760770745661,12.090763173267128,625.3333333333334
1133,0.7222542548941513,1.8697024423887751,1.2414540189134535,4.375595395089973,12.628894535737427,585.3333333333334
1134,0.799804449052961,1.979052620733683,1.334943918502212,4.479862022379944,12.65039644539652,480.0
1135,0.9433561624877786,2.3336865789330865,1.801093252127364,5.131283558364064,13.074920275360927,540.0
1136,0.7611869765652132,1.9005302166398121,1.166837405485549,4.480512022196001,13.637573759062665,593.3333333333334
1137,0.8037982711758819,1.839714309005509,1.300441636864667,4.100003598098239,11.661177783344112,542.6666666666666
1138,0.8148720871897777,2.0128542925430764,1.2697224403015397,4.6535763872380755,13.435167560188308,632.0
1139,0.7698785188371385,1.9276513595370552,1.2271239635283209,4.4113993825147,12.896619127442435,600.0
1140,0.7846883030113103,1.9603190965932042,1.2071320700597767,4.472899371923299,13.101972844691156,637.3333333333334
1141,0.7684146132792319,1.8934930233944474,1.5187578624379576,4.508378067036485,12.027289877565847,
1142,1.7307405106922806,3.1214314626718354,3.436319572934406,5.482665084835725,10.16485074632431,
1143,1.8292698135340737,3.174231268314366,3.6165272383507236,5.470384175121964,9.94628259127753,
1144,2.026481488681145,3.4093300225819254,4.060198391432918,5.687838103050838,10.121160290217283,
1145,1.5277356266938438,2.6941375793789413,2.9104895123797916,4.634803938575919,8.918882766410345,
1146,0.7330603457418235,1.8112944380882792,1.354656589224133,4.34556699115709,12.13006527654471,
1147,0.8478085936838029,2.0022967437892034,1.2456062787714988,4.585560584676612,13.622769412865471,576.0
1148,0.7655319760221366,2.1852079185801365,1.2404413187381045,5.040053002276487,14.23798293368595,513.3333333333334
1149,0.6786523804518494,1.7761196507551278,0.9983567322306823,4.326909447465064,14.02583640355558,610.6666666666666
1150,0.7163097338142094,1.921994534011056,1.139254856298479,4.514237669286207,13.940766635522362,613.3333333333334
1151,0.7456710258091336,1.9281385734765975,1.1372472032265224,4.551177695698099,14.422246564080613,696.0
1152,0.6819448288286208,1.8816466647274268,1.0593929120934429,4.4945335243799,14.555991036613424,608.0
1153,0.7083163704504071,1.8382559866245303,1.0514218648714482,4.439949715147826,14.57653508632784,658.6666666666666
1154,0.7872796079057046,1.9180942270742132,1.2411406725159058,4.419912772331507,13.607424572680804,565.3333333333334
1155,0.8471021938758594,1.9828548543877738,1.3493774552577364,4.559241523717107,14.227332266615264,666.6666666666666
1156,0.7061445346505801,1.8327161157695895,1.0773918249306176,4.3845219839645155,14.230875076353556,658.6666666666666
1157,0.7421355747802483,1.8507948413838653,1.2316153082012586,4.251924185520261,13.160039080732625,496.0
1158,0.7211632712081668,1.8795004148875236,1.0429343382299407,4.49110323053355,14.698600780709619,678.6666666666666
1159,0.7460415594900145,1.9873799032583321,1.1512849728667394,4.684903506287158,14.916030512257883,696.0
1160,0.7468454099251144,1.9406284706249366,1.2087311654651036,4.557712863147676,13.941854864148985,
1161,0.7816902766554891,1.9685946585621608,1.0775669465798676,4.669076519812048,15.16253880563946,732.0
1162,0.7060269934483328,1.8050028418044777,1.0865453358126052,4.3076465435780635,13.624644884928344,637.3333333333334
1163,0.7812355527729222,2.0402432722621584,1.186301331534814,4.9121790083871755,14.628680060543704,532.0
1164,0.7746510988856219,1.917833578012631,1.1385425941925233,4.524493519700917,14.212260189896366,669.3333333333334
1165,0.7378102343976622,2.0500108794841436,1.1202814289976688,4.8341691596758745,14.50408470487251,685.3333333333334
1166,0.7980110895387547,1.998659790524223,1.1288637249714868,4.646837563882215,14.314134512936311,696.0
1167,0.8299721732640508,2.0417173702463782,1.1971968649119638,4.640228174403973,14.471079501964978,682.6666666666666
1168,0.8016168545865049,1.9636264234611251,1.2187679624245944,4.445899727344811,13.436337337932647,650.6666666666666
1169,0.8587886388768384,2.083435388001435,1.3793599993576282,4.663622251116773,12.997994599970326,529.3333333333334
1170,0.7860831863813642,1.980592142899201,1.169903018897101,4.668596307601821,14.543652570475313,594.6666666666666
1171,1.0558174688119597,2.7855597760402624,1.6408104578653964,6.3171412718497155,16.817812900466937,381.3333333333333
1172,0.9981355874895315,2.402018338427429,1.6411431710490687,5.24349342438259,14.137427096760705,538.6666666666666
1173,0.9571246355785872,2.279869497300028,1.5115151235858697,5.056381929889026,14.348865332837317,630.6666666666666
1174,0.8667559000652434,2.0080488899301416,1.4151662780929177,4.457111863034315,12.46866827777454,585.3333333333334
1175,0.7380231410800826,1.8808790045930799,1.1677190070241923,4.450493656772206,13.368926109997407,570.6666666666666
1176,0.7624861101930378,1.9550834246726327,1.2191915239936395,4.565888800100222,13.406845952957744,
1201,1.8484622348510102,3.3017382479420627,3.735512515559554,5.890857659040816,11.289254371538043,
1202,1.9122649447796551,3.326710901002122,3.8353310035970365,5.854824534127308,11.01472667365645,
1203,1.5231909831050776,2.646976476960945,2.9123938232054085,4.767674906151221,9.796247545480433,
1204,0.659399668141248,1.538122518276348,1.0890683929923741,3.7751881506855773,12.017812981598428,
1205,0.7072057370299792,1.9572349490623784,1.138462512035638,4.812061660364645,14.739142930036078,652.0
1206,0.9354805967775124,2.309580291334603,1.502344902711347,5.255386161161505,14.921904806788293,625.3333333333334
1207,0.7847504723438313,1.9683403746313717,1.2561474600568487,4.749649161022779,14.064382006984857,685.3333333333334
1208,0.7856386610772451,1.9875492693915393,1.3166733769411685,4.55805119205311,13.13921647632405,396.0
1209,0.7875503028026963,2.033436897332366,1.25936416362224,4.672412708480763,13.656596252860291,737.3333333333334
1210,0.8097314151280228,2.0263170439616864,1.221170981898393,4.662783326865683,14.198941107153416,654.6666666666666
1211,0.7307723002935101,2.05759357584248,1.1945252278753173,4.843927197372686,14.334622644502968,566.6666666666666
1212,0.6564089163589105,1.7722584734959015,1.126419465214434,4.380629413110383,13.465120961941365,658.6666666666666
1213,0.7290855573258344,1.9147099220009083,1.1873603667476291,4.594489804525964,14.071557087220599,608.0
1214,0.7575128738333243,1.9977555620332401,1.1217066190511278,4.615685594161329,13.956619782824193,729.3333333333334
1215,0.655747001142778,1.7910971116136034,0.9869389202055802,4.365081766929973,14.29317058601402,620.0
1216,0.7563309894372949,1.986189592372262,1.1934456518620271,4.626960445749057,13.85727586067237,620.0
1217,0.8055127954052311,2.0474349702257486,1.3541791615798893,4.641167053059183,13.303273202008787,589.3333333333334
1218,0.7935356876580919,2.073101849040932,1.2749313221985736,4.80399800053916,13.953697950366351,657.3333333333334
1219,0.8127434778165881,2.0184888196146438,1.444680046401863,4.588019494645461,12.762624139962568,522.6666666666666
1220,0.7970287381927268,1.8654974342828305,1.2319622627129694,4.326556297426395,13.031018606061851,605.3333333333334
1221,0.7875683489070779,2.0532903225460446,1.2754672908028328,4.742756959371688,14.006210571101729,640.0
1222,0.7366758834204771,1.8041117138242224,1.1906072496996392,4.25587553094243,12.97740983956508,590.6666666666666
1223,0.956365727415001,2.2075865521334057,1.5180569029380804,4.96473943712633,14.220121851306228,541.3333333333334
1224,0.7185868460460443,1.7126291645302676,1.0322711760370387,4.044459600698576,13.240605032296177,596.0
1225,0.8154208933088183,1.939323372028335,1.2658102942597333,4.397631561045818,13.313204680797124,512.0
1226,0.7370627204464426,1.7963320564633893,1.1503341328603978,4.269777047288197,13.113986290651301,549.3333333333334
1227,0.7678550559130215,1.9553619531347288,1.1989464045769234,4.552084034410782,13.650987371786066,570.6666666666666
1228,0.7498722565534028,1.7571365166884247,1.0686544690791155,4.103100682783962,13.4303211615406,633.3333333333334
1229,0.8249106802888975,1.9838375400823902,1.2604606749369736,4.549484073898077,13.691689676395239,592.0
1230,0.7624268065838694,1.8859497791207886,1.21728293952044,4.35369293937933,13.369444104192391,546.6666666666666
1231,0.7883194102585591,1.9174495834624414,1.2360707781883693,4.4771933243536,13.915868428992548,554.6666666666666
1232,0.7231596039230228,1.788978034057577,1.1254648257497792,4.217776048314269,13.386441784071188,574.6666666666666
1233,0.8196965118216102,1.9728247011102584,1.1858720094826678,4.5328829829315005,13.949533066667977,629.3333333333334
1234,0.8297142400313892,1.9521780926571601,1.28230031945128,4.432573240910416,13.380263526968301,650.6666666666666
1235,0.7555899576392097,1.9140036879918556,1.2539615708399596,4.490677609149039,13.712249840368772,537.3333333333334
1236,0.7924747642950192,1.8607729304465528,1.1511780949270656,4.230499736007137,13.178506682609157,637.3333333333334
1237,0.7717036453246136,1.907138936792394,1.0871937879704017,4.4573154069812135,14.28983261270507,629.3333333333334
1238,0.7819394372942243,1.90336584193828,1.2209057712995852,4.375463806006261,13.223044947407669,633.3333333333334
1239,0.7433273698797379,1.9449057158385792,1.117662377785049,4.522217991178678,14.078954629848397,590.6666666666666
1240,0.7412215043731012,2.007337991464217,1.2044037875541984,4.788436425905967,14.057333418108987,649.3333333333334
1241,0.7372146098551159,1.898171328046975,1.3470896550779425,4.597409540294327,13.708909437412187,
1242,1.798944477297146,3.082912883566067,3.551099363302747,5.352172205946028,10.02075309180581,
1243,1.955238630676948,3.2672879774212107,3.8986487847775035,5.555870792945289,10.048852616105055,
1244,2.0168129555836787,3.465734490499432,4.168552255402095,6.006600151583553,10.52351453716734,
1245,1.5778163154720368,2.6506470978984367,2.9630331204487224,4.56359550838492,9.078512046765532,
1246,0.6811286399014358,1.7734309580036627,1.204981896571168,4.279713945648828,12.679573317297859,
1247,0.7235865014331764,1.8591646337482501,1.0224128759089204,4.497612305871019,14.46526803296533,678.6666666666666
1248,0.7742868952998236,2.0471768821336553,1.2180266287661132,4.8288915817038305,14.311767812476798,562.6666666666666
1249,0.717586844090361,1.9683981640160864,1.065822858311832,4.877449210350292,14.974753934795414,702.6666666666666
1250,0.7493896885309383,1.9801427791310822,1.0751216232777578,4.793101625529939,15.181874284822321,642.6666666666666
1251,0.7046999524184423,1.851723568283013,1.0813512538359165,4.584110073285132,14.700066558317477,517.3333333333334
1252,0.6846274476042801,1.8911605693795357,1.00750526050696,4.631350882831098,14.895429425157364,586.6666666666666
1253,0.7111791454595637,1.9279986891496357,0.9756936449025384,4.719350596033188,15.350986836711684,713.3333333333334
1254,0.7754818536031756,1.9957520008296008,1.1764119009695184,4.77866153266643,14.788196755675155,666.6666666666666
1255,0.9684751765569739,2.4421051440294868,1.726530332675957,5.434786493032586,15.06950941923414,473.3333333333333
1256,0.6890811384778439,1.7519750385994248,0.9614762866755941,4.242579825221756,14.648146939610264,708.0
1257,0.7374987490064542,1.9332055097767376,1.1169850518128575,4.652762535376302,14.377972046787011,612.0
1258,0.7114440072299273,2.0141837558243285,1.093306245809864,4.799429644217032,14.61243246166952,622.6666666666666
1259,0.7285046663844781,2.0573523618983085,1.1622573637878513,4.889229446350195,14.686784765050398,630.6666666666666
1260,0.7515595513579771,1.9674916742192172,1.16747419171974,4.663001592931088,14.519042973276523,733.3333333333334
1261,0.7053345480731004,1.9804057339962051,1.1467339067945233,4.801231922198544,14.708365131008424,654.6666666666666
1262,0.7428308492533837,1.9844775968345747,1.0843551366527215,4.6780537057446185,14.829585331764129,640.0
1263,0.6376318890842974,1.8091954908483359,0.9845586410078686,4.423224764748196,14.445837357385997,625.3333333333334
1264,0.8092032201407946,2.160310454204652,1.260470957103251,4.940799065008903,14.65754424889262,677.3333333333334
1265,0.7323739406621331,1.973470960706766,1.0974981129344923,4.702486121524415,14.937818596145458,624.0
1266,0.7401375795507656,1.9357401000845877,1.1239928966803783,4.576744107278218,14.338786950015594,686.6666666666666
1267,0.7374789287606454,1.9789807016303413,1.1586237066713663,4.7074805052732955,14.719447976183732,660.0
1268,0.7151805651686464,1.8801884057924216,1.136719347611863,4.513420277357566,13.950087719867458,573.3333333333334
1269,0.7537459935432165,1.8801200269000673,1.0594178435953485,4.416243938409849,14.46455068219276,629.3333333333334
1270,0.6851996666900985,1.7222284411843312,0.9742265746477823,4.085994706471402,13.875219822300982,681.3333333333334
1271,0.7255633777984953,1.790632505585541,1.0519623856065738,4.265654602230683,14.25925405423734,690.6666666666666
1272,0.842929734758997,2.1775823838458197,1.2033630657922614,5.035918623046392,15.290269759187975,581.3333333333334
1273,0.7117204608042744,1.856476224628494,1.0719963619797794,4.568554779281101,14.736176474853647,633.3333333333334
1274,0.7660751085897515,1.8318234309175319,1.2276310464640812,4.273060456713999,13.257027053417605,562.6666666666666
1275,0.6264333438106061,1.7163071447499318,0.8448141729428669,4.316545443959712,15.637144563317534,709.3333333333334
1276,0.6570137920529797,1.728013928631127,0.8962330634409136,4.14939122857037,14.867670238612297,661.3333333333334
1277,0.8282517315312634,1.9620394198092805,1.2567126095282946,4.492667707918021,14.359996981512282,634.6666666666666
1278,0.6588464988123972,1.726791835578882,0.9404320910199748,4.23658379670897,15.015580081936733,653.3333333333334
1279,0.7106420852618163,1.8350863739855534,1.0463505227517786,4.397413186977308,14.704386821743977,634.6666666666666
1280,0.8119328944522459,2.0660669849719806,1.1850858618281628,4.700126033472934,14.561079373668939,678.6666666666666
1281,0.7251077685605791,1.872613688430472,1.0162676955517769,4.435565476588131,15.21458169674382,724.0
1282,0.6527912554882287,1.7194590644740009,0.9282961604509701,4.1474463891452205,13.986739339336513,490.6666666666667
1283,0.649413226783595,1.650961659983582,1.0876514742496457,4.0891703027049235,13.942889432304547,
1284,1.4553654818250394,2.4922008707925283,2.7717016223540814,4.477932345276583,9.283480314291747,
1285,1.7460759943329047,3.0031916085224055,3.437821852837108,5.362339178171192,10.62923232129376,
1286,1.834353375606725,3.0557146932722743,3.649803196425953,5.289236679591891,10.33077468357182,
1301,1.878973027897281,3.306674042422074,3.8256860094695577,5.90370061796949,11.371777484648767,
1302,1.7517447834398419,3.0127053835643594,3.4014887619268306,5.343908511285507,10.621360223545198,
1303,1.4958144484067535,2.574546608972245,2.833409974736621,4.570738898517028,9.515570332472848,
1304,0.633698204164535,1.4885649037758037,1.0248868599922027,3.613244381923198,11.926799456857973,
1305,0.671757054121221,1.761823342424918,1.055293771309681,4.374872294028415,14.575424713969586,669.3333333333334
1306,1.3227525921464562,3.222286819730935,2.186253760451264,6.990296544298708,17.453361888794547,420.0
1307,0.8572765496263781,2.319779511336013,1.3450321014828246,5.502951705824614,15.696909625899213,542.6666666666666
1308,0.7489456809851076,1.9653758377173096,1.11127917315231,4.805370156153565,15.335747255302136,684.0
1309,0.7623617241391372,1.9994053404003904,1.1536783435345046,4.717441008082549,14.92354631617901,610.6666666666666
1310,0.6981757798272319,1.8964697903800163,1.1243988363314394,4.585555706992524,14.234183050692085,650.6666666666666
1311,0.7344448297629153,1.935763644061182,1.0910818428045066,4.519889172001009,14.653171743464373,713.3333333333334
1312,0.681550355533334,1.8778837519021478,0.9812405923600466,4.635956586395489,15.61194881334724,682.6666666666666
1313,0.6492367382709275,1.8200821907510776,1.035731441431881,4.494758676680267,14.767871258014601,604.0
1314,0.690281426427076,1.834098027974346,0.9557014969480604,4.4077575860278895,14.799951926240382,744.0
1315,0.6711394463765561,1.7882357907267077,0.9535489652568192,4.352367079051002,14.43920924406321,738.6666666666666
1316,0.7060192511156397,1.7762815489217458,0.9929687280176434,4.267082480910338,14.362935458642568,748.0
1317,0.726130118531114,1.9894780975108612,1.1402590752483155,4.741718325578409,14.596256876683661,609.3333333333334
1318,0.8840033213174215,2.5111749321828336,1.3812574319376083,6.042849893173169,16.745304698053566,613.3333333333334
1319,0.685551763923802,1.8137704155757013,0.996523223542295,4.3834561941151104,14.498755258114798,672.0
1320,0.7669669177529221,1.8906014673931073,1.1084113717331376,4.463979722944174,14.443099835724933,642.6666666666666
1321,0.6630545861281743,1.812003695913809,0.9677417650509321,4.5323239616724385,15.136839370701528,746.6666666666666
1322,0.716414706364263,1.862478735299391,1.0217058839629403,4.602901640531444,15.181370497920678,676.0
1323,0.8767840508777285,2.2334189034952265,1.3695716680385066,5.098740264646596,15.40972126372721,582.6666666666666
1324,0.6889783180474864,1.7621611550901282,0.9228691677801285,4.329060231490682,15.512397583778064,757.3333333333334
1325,0.8240214731428175,2.1822003890588375,1.207502988971344,5.226619881018994,16.43977624355919,765.3333333333334
1326,0.5837293367965899,1.6271307899847605,0.8429693533056832,4.268041977570903,15.489099776452134,724.0
1327,0.6295674248756488,1.7646367567746595,0.9367605044468617,4.467254990854462,15.521751009099306,774.6666666666666
1328,0.661361814995424,1.7921113924724807,0.9916473467585327,4.433142494861892,15.371775442734362,725.3333333333334
1329,0.7128824366675128,1.810590234282051,1.0390901818108362,4.440957686795831,15.532925388107586,733.3333333333334
1330,0.6955715330495962,1.9240814151194345,1.0114120245076417,4.783395792562367,15.986042649958213,685.3333333333334
1331,0.7174925437029851,1.8293965162114247,1.0092786478503273,4.509503110212133,15.556477831194666,730.6666666666666
1332,0.6671041360659002,1.7877369691959681,0.9379670499345398,4.508983923986346,16.196766116307487,717.3333333333334
1333,0.7977089262302318,1.952219788699837,1.0814851844387645,4.537203868865104,15.633120093051172,764.0
1334,0.7217753296901315,1.9440563709530574,1.1489645663754113,4.577052916801862,14.07210122144648,554.6666666666666
1335,0.670819346307752,1.7768381549414949,0.9761043967361213,4.371273542559217,15.056152281017297,717.3333333333334
1336,0.8772388566877116,2.204966310308207,1.3111929722978508,5.11409400697457,15.54075735598684,710.6666666666666
1337,0.6707431506445815,1.8106534963477352,0.9009187230896663,4.540354472264241,16.02632648882175,725.3333333333334
1338,0.6503252204453983,1.8376412392821142,1.047313570009918,4.449670395612826,14.616508154046265,481.3333333333333
1339,0.6716151148489207,1.754789834975126,0.8682380801538838,4.305935537517583,15.363584722287307,745.3333333333334
1340,0.7402031538872669,1.9372907135210706,1.1058539131082485,4.693259295393592,15.32223687592952,502.6666666666667
1341,0.6768238494920963,1.8371286799599011,1.1413727663629283,4.62600532836754,15.347360144908876,
1342,1.662270290486973,2.9165433991907324,3.233043601973696,5.266296986851925,10.513824066185645,
1343,1.7148358536213373,2.806334584298366,3.294591469458842,4.856406776774088,9.771039612344392,
1344,1.8508314575558424,3.088361850197213,3.6961644054911664,5.3797119853703865,10.208481287267352,
1345,1.437255239964558,2.3758165364039083,2.5852540216436437,4.2025848132813115,9.221691978201715,
1346,0.6458136751560433,1.7306815765894175,1.061757864798727,4.343894046281145,14.315437241290358,
1347,0.7457008453670837,1.8989355268671972,1.0149867150615515,4.563211657094306,15.468927835047776,745.3333333333334
1348,0.7830755261367033,2.0113101516805942,1.1488406223555399,4.986334213527979,15.810352180170868,690.6666666666666
1349,0.7620498582334543,1.9820503672943321,1.153502057082599,4.7804602030664665,15.152012711636246,713.3333333333334
1350,0.7507268550940162,1.9632805093252481,1.0256039869245326,4.829137732902359,15.926671648010721,728.0
1351,0.8362911334599473,2.1314440331503017,1.261440780463388,5.0924883733895285,16.02067664505411,677.3333333333334
1352,0.6385852737096301,1.6149436576419451,0.7976150066637095,4.077492023808587,15.896948958090732,792.0
1353,0.7222849343148521,1.8643911745399333,0.9564605102931616,4.4306612638860186,15.332962063129337,689.3333333333334
1354,0.7770117303187862,1.9836409479442532,1.0905995171837757,4.802733096495892,15.76899808741189,766.6666666666666
1355,0.7194895507636205,1.9092412527257032,1.1038309931726396,4.670370868841061,15.43071950380764,696.0
1356,0.6594769899471998,1.7017861175971722,0.8564872422836709,4.198436449473302,15.136603539525748,680.0
1357,0.7054785859384038,1.9785036399917977,0.9663660309049238,4.891738732923782,16.388540178293447,629.3333333333334
1358,0.6434953982259966,1.7904923487572877,0.8751788117776873,4.5080610996755235,15.791148189236477,684.0
1359,0.6868328618004891,1.9297438089033592,0.9344657100009064,4.763477693817442,16.363385415328516,700.0
1360,0.7325618243723605,1.8875454537086345,1.0673863516627016,4.501329397288192,14.744536794438254,633.3333333333334
1361,0.6685521897175233,1.8397822033595472,1.0001571852470788,4.444030080539066,15.088952283966284,664.0
1362,0.6842199883964264,1.8328817612953556,0.9041233547758025,4.459026346139848,15.435763611470062,678.6666666666666
1363,0.6723714820811466,1.8962510075316674,0.9832698271463887,4.640185506094159,15.544944965366334,649.3333333333334
1364,0.6772576777595276,1.8274355249084016,0.980559415035947,4.463815979788163,15.389126771623411,614.6666666666666
1365,0.6632655695728411,1.802338190060037,0.9038552956898552,4.443975706798376,16.17069261687852,562.6666666666666
1366,0.6685060310655158,1.767224161518317,0.9384868999623439,4.2978234664625665,15.17416819507581,686.6666666666666
1367,0.7405900016675071,1.9846899747517708,1.140695037160785,4.723367336316634,15.329389614122551,673.3333333333334
1368,0.63637321648998,1.8433014407314126,0.8737556088703768,4.701040748406628,16.447564345734225,701.3333333333334
1369,0.7215087217786874,1.9055957001316077,1.0536647885461312,4.571234578238651,15.27092487632578,728.0
1370,0.6301660452979556,1.7730842362215293,0.8804970869983879,4.298577796862204,15.086526122275325,601.3333333333334
1371,0.6919719067124004,1.851014642843915,1.0004093495596726,4.455714387179812,15.190969698849532,682.6666666666666
1372,0.5906361883103332,1.7063980639106535,0.7964197764782911,4.359698068366804,16.018854703751224,678.6666666666666
1373,0.7026205855176357,1.8642127308238736,0.9118971019292162,4.559462153840639,16.329916961853286,741.3333333333334
1374,0.6307542603768677,1.762487970714619,0.9749544109592909,4.422719995828262,15.23760492392476,670.6666666666666
1375,0.6422322614451974,1.6369480103065903,0.8409430981720833,4.03439672824054,15.564253673995186,752.0
1376,0.7101330271339923,1.7228283959612756,0.9335420034225237,4.222322927854419,16.045116986304752,772.0
1377,0.6810352661705479,1.60142393886695,0.882994932871566,3.8717951652630767,15.29113528265189,777.3333333333334
1378,0.6463012636424321,1.6662235628989852,0.8207005080559964,4.15943505726348,16.005816364848602,740.0
1379,0.6024447809624294,1.669127701074512,0.8528056633019703,4.319787010721614,16.545085824313496,729.3333333333334
1380,0.7937093604291401,1.9438250944430444,1.1000143995814398,4.594648553592175,15.693784694667789,534.6666666666666
1381,0.6189005679210731,1.662327775969689,0.7822452567003126,4.222820367850359,16.566314470141183,745.3333333333334
1382,0.6339754951808774,1.6431800342054004,0.8379251856614673,4.174709276472861,16.032807870742882,661.3333333333334
1383,0.5927590967948727,1.5698866497542283,0.9253902217422194,4.052991499130933,15.24176549924804,
1384,1.2153440909045352,2.132068365259598,2.253826419227678,4.05340191700628,9.70505583669975,
1385,1.6705484751332864,2.8066499181764435,3.26297950904469,5.034088527247496,10.609202503891925,
1386,1.8540555771022582,3.284159448787581,3.877240377005242,6.103466132071814,11.981625712111537,
1401,1.7830257462570491,3.2944534705160957,3.4666239750039347,6.021882589220521,11.537052243222139,
1402,1.668857612615526,3.0062018279518457,3.17396245077326,5.396341421241164,10.620340277654455,
1403,1.4011715048292133,2.4891407647192283,2.597750592060264,4.573093931224672,9.742634860619848,
1404,0.7406129050090742,1.7603719731123888,1.1962715330938336,4.1163621105985415,12.779670817631159,
1405,0.7905179220778746,2.0296455949513508,1.2602361495928187,4.694496163613135,14.219203630673686,584.0
1406,0.7906251475767434,2.004146590321658,1.1521135331654457,4.733141043821778,15.082151751585359,744.0
1407,0.749778321073836,1.925080766069466,1.0179543741082446,4.592739708561973,15.54465526441733,768.0
1408,0.7445595428584149,1.9030028615394528,1.0186463429641095,4.501000392965838,15.000940432281237,753.3333333333334
1409,0.6949633555875765,1.971735904312199,1.0423732595512756,4.779485637694593,15.56485689189877,644.0
1410,0.666438069857834,1.8911913986716953,0.9723994488574744,4.5566755670898935,14.561930665024928,766.6666666666666
1411,0.7559225529435033,2.010265258522999,1.0518820301875362,4.690072182154221,15.321918684199817,752.0
1412,0.6777160559025991,1.8660374404614952,0.9717809279306027,4.595153377064701,15.765706436158649,828.0
1413,0.7296735429908082,2.1579245574642973,1.103763891624042,5.160986578519212,15.810632534458168,526.6666666666666
1414,0.7801170605023133,1.94735165529382,1.0481381398513396,4.654631365710381,15.72916346393555,818.6666666666666
1415,0.7291582692331378,1.9111745729517655,0.9886781890997636,4.554689691781942,15.431032106046757,733.3333333333334
1416,0.8198255488811659,1.9939356653226818,1.158910515897402,4.588489137947677,14.981119670275422,736.0
1417,0.7909998591601682,2.081850197244006,1.1515417202263056,4.793735536367864,15.258833833774997,724.0
1418,1.1011167727595537,2.9618933361925484,1.8930522531200755,6.719769234143733,17.32266404386906,389.3333333333333
1419,0.6792993540420155,1.909802230945339,1.0165664425801697,4.642798976742833,15.206193381515398,661.3333333333334
1420,0.7157028950837263,1.7742186236825481,0.9470254080467206,4.271439023914243,15.147790069048778,805.3333333333334
1421,0.7194775527343079,1.812885032634495,0.9847113404890568,4.286876969133305,15.09464640404201,644.0
1422,0.7927288174701341,2.1685995052343205,1.1363701194229063,5.089477992783644,16.300260797148894,620.0
1423,0.7563398222471318,1.9470258206664999,1.0981485740699217,4.559439511277839,15.599110189204417,788.0
1424,0.7719463891534575,1.921894033233609,1.110655746399795,4.576011436681686,14.968320358869814,681.3333333333334
1425,1.11911473174576,2.832508866517755,1.768572309652764,6.181917432756239,16.58107224563876,446.6666666666667
1426,0.7306488421527623,1.8974920057499407,1.021351159955569,4.551083973910484,15.614409839205194,765.3333333333334
1427,0.6522363792165216,1.7040691227289926,0.9504411436278308,4.071574151206999,14.25064764831452,626.6666666666666
1428,0.7861356044504152,1.9640603009391429,1.1618971678540126,4.481806102011442,14.562099746962101,741.3333333333334
1429,0.7646143133971031,1.9334656917944633,1.0955895943887706,4.525321879354675,14.934333942715249,741.3333333333334
1430,0.6895333574354889,1.8542285128082656,0.9751667204274639,4.422252827525015,14.921609878611001,754.6666666666666
1431,0.7631472777692583,1.8716808524681297,1.1270486477039894,4.284178173657322,14.063938201665295,766.6666666666666
1432,0.7034662117492317,1.8407095525975503,0.9983494462728122,4.401101266903184,15.386484916517059,741.3333333333334
1433,0.7367362053441289,1.8619353495826467,1.0239830329605848,4.356346248941401,15.120099462681107,820.0
1434,0.6940314200300237,1.8928786194011102,0.9603343513177949,4.488974119807106,14.967419649217103,752.0
1435,0.7426656237081848,1.9299507174670483,1.0113283753500308,4.570399189659113,15.564693423453711,
1436,0.9622444854687989,2.479035930200995,1.3608194670641809,5.655446196631294,16.95582973736945,472.0
1437,0.7450357502648784,1.94706082498868,0.9569093761293062,4.604348537260819,16.07005150835842,722.6666666666666
1438,0.7389095418866641,1.9268168090083215,1.075002593727646,4.397754699549093,14.58985720029072,665.3333333333334
1439,0.706660306522253,1.816306063297137,0.9428291131912742,4.28556536278865,15.025963222052127,810.6666666666666
1440,0.7374998461043991,1.8243561680951574,0.9652957627312324,4.313638132907418,15.344139738036468,816.0
1441,0.7094885875744378,1.83698479418923,1.1740618948538217,4.419031163989493,14.589530975980654,
1442,1.8267095624330563,3.194008307728467,3.6170009963872323,5.754477603536557,11.115860252183605,
1443,1.9239409237750817,3.290200060452994,3.7760159698917306,5.767143901732445,10.906141376404435,
1444,1.738423874699102,2.982797935679337,3.3659755342787863,5.298297379164772,10.520783172143497,
1445,1.3311324567297569,2.3068719511385956,2.378134293548223,4.209306624695096,9.38609101576288,
1446,0.6870852651264352,1.7605863980719785,1.146220074218148,4.197273128747281,13.460628462488213,
1447,0.7445681470810229,1.8648041233643895,1.0588751676225323,4.375690639140602,14.261338140431144,736.0
1448,0.8361566998644712,1.979698779993309,1.2059799627658685,4.539584709737933,14.397304242127955,726.6666666666666
1449,0.8378818024189165,2.0422043196901303,1.2958087840662684,4.659165823025368,14.185458727189838,684.0
1450,0.7583561830203287,1.9139004345404795,1.0887788850837155,4.3960776229865814,14.690221539875932,768.0
1451,0.7732321897105845,1.921334685898929,1.1297752531827365,4.4569998388326475,14.930807795724467,738.6666666666666
1452,0.6745128545281829,1.7461874798065944,0.8906755908045512,4.115315133292173,14.693419246217385,853.3333333333334
1453,0.7271981003720991,1.755095887881526,1.0706484481077898,4.150207808795599,14.30349794238923,848.0
1454,0.7406182493980249,1.969621604276333,1.0737212044524993,4.606690220319705,15.203172974717162,774.6666666666666
1455,0.7576885032103587,1.8703032179480619,1.2124234242771423,4.215905651339281,13.60997380390467,721.3333333333334
1456,0.7364100685058509,1.9056967313922444,1.1086996802113953,4.509474713092911,15.272839632949655,804.0
1457,0.7354756399432861,1.8347245469199773,0.9881156448378805,4.2374802888910645,15.206716881954062,822.6666666666666
1458,0.691606910721105,1.790402409865434,0.9074710885383868,4.2895920689672264,15.406345715462455,804.0
1459,0.7396749383865002,1.8557690077952778,0.942048522978494,4.496020648703127,16.044680666208023,824.0
1460,0.7186338324490567,1.827854101926214,0.9230371454126369,4.317898184684895,14.989445425654278,832.0
1461,0.7044150891984526,1.82240042904205,1.1278308158873358,4.36887497610102,14.836291149300013,826.6666666666666
1462,0.74140151224454,1.8567578663033237,0.9793198234712132,4.353971850503202,14.904836418275677,832.0
1463,0.7141952104213272,1.9490224909416098,1.0253670576973177,4.601866341052229,15.07326830686439,789.3333333333334
1464,0.716717629554902,1.8190527777871186,0.9475180166184908,4.30192611646461,14.997650078503739,776.0
1465,0.7514030584300437,1.8610770854988032,1.0089428893020622,4.44691188482064,15.36732197052666,809.3333333333334
1478,0.8016626769604678,1.829597149551697,1.1057697831617932,4.259612846823171,14.902710021408419,797.3333333333334
1479,0.6588133510414249,1.7181221569120577,0.9492963636918987,4.237718933180246,15.569105315338522,794.6666666666666
1480,0.705560275704773,1.702117178918758,0.9332040798927943,4.077052269500511,15.297197350714764,838.6666666666666
1481,0.6699953679254005,1.6931192671642616,0.8829483201829826,4.158198963961235,16.003741753941018,776.0
1482,0.7096804843764697,1.661502624995126,0.9373504118298166,3.991533979270163,14.89761518000787,800.0
1483,0.6876996327437825,1.6820161777203841,1.0885270901471449,4.140119479506435,15.037812383147685,
1484,1.217592821759541,2.105099064324577,2.2439390406810826,3.977909138746985,9.628240266967094,
1485,1.6823266665539878,3.0115288619284604,3.2799969895705843,5.4697025493792495,11.319095010665201,
1486,1.7525180875962993,3.0623819003107053,3.580580988725175,5.506477645298993,11.192092074382877,
1466,0.7254164038285059,1.7529531122749842,0.9635349055260112,4.112148297136081,14.65073221482277,838.6666666666666
1467,0.6746915851133969,1.9913584378718006,1.106197008782895,4.7720554326742315,15.126829563489274,389.11853333333335
1468,0.682591003318234,1.7493683634410893,0.8753350859676189,4.2095935004815,15.501245268580636,837.3333333333334
1469,0.742548613989772,1.82113327735663,1.0818325133998763,4.176588265591164,14.173115262099433,710.6666666666666
1470,0.7021620999508904,1.720385162922411,0.9258977188684419,4.010612891801431,14.54706979925848,848.0
1471,0.7754521287632133,1.978193194830853,1.129382373470849,4.5545319210560535,14.890319127240584,745.3333333333334
1472,0.7099382602106107,1.8816600513663033,0.9160258189044171,4.496484825553165,15.669087269432136,748.0
1473,0.7330328782282169,1.8271038886991204,1.0114206609287466,4.338901598351663,15.495740304458598,669.3333333333334
1474,0.6731436593106033,1.6669171953475885,1.027762557142072,3.9300310989176626,14.083869194339906,672.0
1475,0.7427260047119059,1.8748060530816704,0.9896236123180341,4.552020766480001,16.113249190298042,792.0
1476,0.751317722286189,1.7556751092117904,1.037245948056383,4.108065102335865,14.93173506047635,622.6666666666666
1477,0.7014610303635619,1.6471431139831672,0.9539655508654167,3.873026491029723,14.333112076624106,801.3333333333334
1501,1.9514265065427052,3.4064158971495315,4.085087692753479,6.020474933413414,11.63582785858862,
1502,1.7173563202329296,3.1113659815472845,3.4567151458734364,5.608053755338139,11.181853171493419,
1503,1.442799150837505,2.5691531618195818,2.8023310858989063,4.642794438750153,9.937373765284512,
1504,0.6444666557891782,1.5856139655529908,1.0166783494581986,3.9798007967918796,13.647425613864254,
1505,0.6459417222729289,1.614543487695753,0.9786164536388484,3.9532174085946807,13.997965832504006,712.0
1506,0.6684464407331796,1.7610368146293105,0.9797857458402075,4.2705283303767265,15.079817578521748,614.6666666666666
1507,0.6856313710436333,1.7090999411025374,0.9705922200740851,4.071860394997174,14.580348672454665,810.6666666666666
1508,0.7296220247084115,1.7351886120305133,0.9231408087455388,4.1037954938095424,15.744303948529774,869.3333333333334
1509,0.6995047009366173,1.7842127441873918,0.9984200749388709,4.330549862800854,15.446879123596261,633.3333333333334
1510,0.7144413703693138,1.977397475055323,1.0089760692546266,4.733893824441885,15.463752558555395,521.3333333333334
1511,0.7287383350017993,1.7868755567442927,0.9643418543741993,4.238402621391494,14.544302436373833,821.3333333333334
1512,0.7018018644444073,1.8194083175869566,1.1205295708813918,4.328156437965783,14.199392450798959,525.3333333333334
1513,0.7083325001181118,1.7940652259483203,0.9857756270228295,4.218698175332056,14.267842354693462,793.3333333333334
1514,0.746742242027628,2.091133637316813,1.0988358405341068,4.937852397061411,15.349478603970438,644.0
1515,0.7036450389722239,1.7258582887496547,0.9494818664891785,4.142709205946733,14.404520553171574,850.6666666666666
1516,0.7117823472836978,1.7236641278457157,0.9435821131040887,4.122972799587019,14.629293557806385,761.3333333333334
1517,0.6299984759909297,1.6865128195247783,0.9712722741054514,4.065403403451162,14.02444102475419,694.6666666666666
1518,0.7506327299177539,1.9476296125238555,1.2018836628595733,4.493287025700285,14.202292000047029,752.0
1519,0.6740581371944356,1.7895306258209225,1.071444000690877,4.284961202784277,14.489890614608736,728.0
1520,0.7932076099048783,1.9019182016160212,1.195340368028044,4.33651994462863,14.109769306503345,774.6666666666666
1521,0.7851457873520109,1.8511701843560893,1.0895407241365382,4.283781273119401,14.29050188753458,842.6666666666666
1522,0.8915714010922362,2.101499929429134,1.32877127323244,4.800591287056037,14.538234685580171,649.3333333333334
1523,0.7561229953876787,1.827404258369338,1.0800247888581516,4.245799492892709,14.026054499982779,774.6666666666666
1524,0.8317403308718359,2.0143647531775595,1.2630315414334237,4.61759372481721,14.576971853258355,736.0
1525,0.824114369663371,2.005002244605525,1.2076210109439378,4.535963681329871,14.275532051128529,742.6666666666666
1526,0.7216293285199371,1.9000059168460632,1.101398187197524,4.508236705021015,14.50312110996169,766.6666666666666
1527,0.7133873929445186,1.810397847939188,1.1186550543538138,4.287865381236997,14.05263773144059,789.3333333333334
1528,0.7587219981327006,1.823221329129705,1.0458525739992715,4.254139589256288,14.207364167497742,742.6666666666666
1529,0.737317608486002,1.8420120843272199,1.1276234537995025,4.3223608861233895,14.058345835259743,693.3333333333334
1530,0.746571056159415,1.9191451980268515,1.016954571287752,4.49349214000819,14.727505703632612,776.0
1531,0.7364743650514841,1.7943581119205523,1.1301665882964305,4.199012580427475,13.237541082590113,594.6666666666666
1532,0.7278314418212118,1.8521840764671627,1.1205618050572113,4.334024332358039,14.208921365646848,638.6666666666666
1533,0.729259988203705,1.8343462996018505,1.0667411747538174,4.351484833022814,14.402085010892154,685.3333333333334
1534,0.8728406542535164,1.9902665761186766,1.2738403331863457,4.5275918311435746,14.29559833537343,720.0
1535,0.7401743469019796,1.9865605903793102,1.073665194280286,4.682337683218988,15.076145141586535,714.6666666666666
1536,1.0119528309633283,2.553101216589048,1.5610923353743433,5.784729186633221,15.885333210546229,709.3333333333334
1537,0.7185608739193163,1.830184106506584,1.0424574827047328,4.317413129233978,14.265084469353871,748.0
1538,0.655917243883362,1.6009033851362544,0.986021973051699,3.9325754419220464,13.027773255757282,742.6666666666666
1539,0.6936764245368687,1.726744000238384,1.045737608877713,4.076811889687634,13.22309253922708,760.0
1540,0.6316209827637436,1.6627793025842519,0.8816712396480846,4.123725648036977,14.229179127164002,770.6666666666666
1541,0.6384377236289956,1.6202168720574779,1.093483634691101,4.062972926299666,13.206916620206853,
1542,1.617078037591775,2.8542723779828942,3.1489191536943117,5.122600045836055,10.145905340795533,
1543,1.6586027068272657,2.875436755653013,3.3222003807125344,5.055599446189666,9.313724403493554,
1544,1.8612627579723382,3.1587921708194013,3.7222889039288423,5.471617217670886,9.911155788269308,
1545,1.4342875852131223,2.558288954570521,2.6372993050353717,4.511585229705454,9.098067886323209,
1546,0.6696766482268812,1.68666635248755,1.1367685131347067,4.0939969130573655,12.626831982210868,
1547,0.6733386563245232,1.783044373744071,0.9524825338612462,4.266019293344362,14.14523326891459,697.3333333333334
1548,0.6648577303190976,1.6745928420559615,0.9820895434713856,4.065038973354326,13.782665433221684,758.6666666666666
1549,0.6888151857661885,1.7636085535754455,1.0836900420427789,4.109127773340824,13.291378543830463,734.6666666666666
1550,0.5956858330202918,1.6339483365673397,0.8600133483222339,4.046381363007316,13.491701162718828,570.6666666666666
1551,0.6920557282949166,1.770709643664853,1.0011330402587404,4.175987347084581,14.016099244323634,760.0
1552,0.5994857166757392,1.6746597995497412,0.8779787739459803,4.0877941872773,14.357458048064029,794.6666666666666
1653,0.6381222843312617,1.7382612872410597,0.9938927192485726,4.099572272094647,13.502133787219371,752.0
1654,0.6754507191020561,1.733289376505375,1.0187078504043345,4.115932161916825,14.021573136529577,621.3333333333334
1655,0.6762194684962505,1.7462070456205179,0.9511952597063997,4.2482444014355885,14.576958411997031,677.3333333333334
1656,0.7825187838012653,2.1648109673284033,1.4418814805442568,5.123277511866027,14.476565835082395,566.6666666666666
1657,0.682089675079828,1.758878225099755,0.9529045708380544,4.27509796701905,14.600001318702505,488.0
1658,0.7173676207743842,1.7872926528831672,1.0469062584735016,4.113405848205062,13.697512742123076,640.0
1659,0.7741368443713454,1.907658663249963,1.0898441721104035,4.356270107555957,14.361344630447103,640.0
1560,0.7000674870244868,1.7693693419024106,0.9677646768308018,4.226819237671978,14.396339331305626,782.6666666666666
1561,0.6711241854503471,1.95406877954365,1.1979238961995096,4.574861909883721,14.036764159352172,452.0
1562,0.7096692508299081,1.8525296675170593,1.033316014951931,4.350579962251138,14.282797491995414,728.0
1563,0.7199391801922789,1.810661057907983,1.0656623727304761,4.250992054448994,14.064973264780361,698.6666666666666
1564,0.6565007369719994,1.66403292545814,0.9898607725775559,4.020860520785756,14.223366875582858,744.0
1565,0.9533428476404964,2.3008396897721797,1.3880480115151386,5.421205723547706,16.04096027422873,781.3333333333334
1566,0.6961724057791795,1.7517011213657772,0.9922077481020564,4.094902008533516,13.683627107943455,722.6666666666666
1578,0.9118657810709676,2.2105047229862205,1.3654015720036479,4.95259771873317,15.478742353434834,541.3333333333334
1579,0.7452793114507285,1.85718320175998,0.9991029718347525,4.346492246828877,15.57277519207684,761.3333333333334
1580,0.6014120199447766,1.554497683009257,0.8046395688068269,3.8522199191951243,15.261576744713004,794.6666666666666
1581,0.6831005299129356,1.7107722663201437,0.8983395430521269,4.163252748119914,15.843519637032987,864.0
1582,0.6490127495292288,1.635648079158454,0.8494530640091168,4.0122065877974284,15.654497686612402,826.6666666666666
1583,0.6143678362520987,1.5708199387066952,0.96353213871369,3.9835267936463383,14.69996683519511,
1584,1.2377148080454514,2.079452693573431,2.3063810240067104,3.8533537537768625,9.111000930642081,
1585,1.802623553962872,3.0898961455250724,3.6924754989643858,5.413677499444772,10.878486076054998,
1586,1.7566132165243924,3.091924060732561,3.5460330719963498,5.652406766783031,11.36562388373154,
1567,0.6771726995461655,1.8741673849508234,1.0163476376289848,4.450466040694089,14.921172358083815,730.6666666666666
1568,0.7295668552929997,1.8555998700020497,1.0116126434590167,4.420023500505412,15.268314820196895,628.0
1569,0.6624847361635509,1.6677537770406894,0.9384654638326535,4.01109546496836,14.415330375427942,826.6666666666666
1570,0.7095177237243278,1.8448732261156033,1.0008779174629254,4.385636795706873,14.989863182531877,828.0
1571,0.8123360753445089,1.9624663216010108,1.2345398427480638,4.394126145818842,14.154731561163707,692.0
1572,0.6755825152390624,1.8766750806755916,0.9862234572269231,4.522153170099327,15.275563886664095,754.6666666666666
1573,0.8229746185713875,1.9946352437800048,1.1589285290700284,4.607325222007258,15.521868921514775,664.0
1574,0.73968289761946,2.0012044441409627,1.1096484750578552,4.746914112675817,15.546551301747211,664.0
1575,0.7124941043927155,1.784637713195788,1.010783911277054,4.223638006732126,14.841604089630506,722.6666666666666
1576,0.6908423652929736,1.7498017198792377,0.9202555737632715,4.136947501501786,15.271591622367628,772.0
1577,0.8148032825892912,2.041555433234542,1.258315515109347,4.802202440587257,15.179755081699074,701.3333333333334
1601,1.8254092129741943,3.25101286320068,3.798542604928776,5.777505737404148,11.152736342124024,
1602,1.847537795428022,3.312270877527305,3.857121807314632,5.861718318018591,11.207166471282045,
1603,1.384776150724952,2.6902368371297265,2.6710881446318115,5.049720835819517,10.463985787410417,
1604,0.6209737456636493,1.578250442177889,1.0473656269455578,3.9318600309887017,12.684053699982655,
1605,0.6953218000727164,1.7772543037221502,0.9990310245025388,4.289095092364141,14.638534351821153,761.3333333333334
1606,0.7103702528407734,1.9216059805827128,1.1328418329801138,4.749949496013242,15.41960484092493,642.6666666666666
1607,0.7262191826417566,1.8893166929579492,1.2100640920855652,4.42370209321823,13.628793669926626,569.3333333333334
1608,0.6738640440992817,1.8399893390550597,0.9888428868589088,4.5162067106917565,15.09198266946312,678.6666666666666
1609,0.6949011312856774,1.7973386319871527,0.9827176903848427,4.3543745799648,14.977949065119326,736.0
1610,0.7337650502962563,1.950971847644905,1.0360946129167643,4.64418580684227,15.520651916334666,748.0
1611,0.7757301814196288,1.874391889629798,1.1395789438784636,4.352166338125978,14.434935542264036,690.6666666666666
1612,0.7205063732392669,1.824562640590523,1.0710445956751975,4.310988783303442,13.758509016394733,673.3333333333334
1613,0.6802102979206965,1.7358447990075392,0.995664302437534,4.195961596111993,13.480115532861749,741.3333333333334
1614,0.7219579177906723,1.8127302611625529,1.0101541613907705,4.245870818448672,13.858531799618273,728.0
1615,0.7045960262631139,1.7348406987859724,1.0142655468693718,4.0959832805474905,13.350871789440632,678.6666666666666
1616,0.6787833931423324,1.6903630848711613,0.9386676222549801,4.039454892741164,13.919494858038206,758.6666666666666
1617,0.7515420861145856,2.141897825697168,1.1852908279192427,4.964808673134423,14.585902682715467,548.0
1618,0.7700451889706348,1.9799949283925913,1.1727218646535833,4.562184283506152,13.894681980245045,638.6666666666666
1619,0.8323340678483211,2.100533707410698,1.3886720793096283,4.758466143015071,13.50322982049029,610.6666666666666
1620,0.8277787219241495,1.9535283416577953,1.379851456430895,4.418027784841301,12.581530648684286,552.0
1621,0.8286392903247405,2.025114804259057,1.3817236336446943,4.560124424154612,12.778204225899565,618.6666666666666
1622,0.9811103326910622,2.2640105288141297,1.630106681530794,4.831219483212028,12.941665266319696,494.6666666666667
1623,0.9106778534136682,2.063341679114156,1.4127729561812759,4.589132819261907,13.711790398422574,586.6666666666666
1624,0.8581879146594857,1.9557899002941066,1.3403104378024144,4.370177104346279,13.636083405124875,668.0
1625,0.7501270031132352,1.7596184134067536,1.1310532213657156,4.0369524011820825,12.677315439442015,640.0
1626,0.7623513245700047,1.9388789379189464,1.1815099470592698,4.50565956018362,13.722994183950007,674.6666666666666
1627,0.6822339960886703,1.7957629232149912,1.1382517274020163,4.320473954045308,13.222618330831796,633.3333333333334
1628,0.6961109915355017,1.7248502065902487,0.9956857992419348,4.02243355759456,13.489879654645033,744.0
1629,0.7270587566435285,1.8360544582237517,1.0752101099272036,4.235027586355335,13.720463703342132,700.0
1630,0.654602397587573,1.7305810253597875,0.8959872629401513,4.161167354416843,13.912573728175264,745.3333333333334
1631,0.6525958921576385,1.7812101645692628,0.9586522731518359,4.26442412397832,14.440749345672504,604.0
1632,0.7166647998902433,1.7894654360847397,1.0448046437483076,4.2528155573141175,14.287990675003288,685.3333333333334
1633,0.7609162103013288,1.84116662488548,1.1009203711659565,4.29898117189111,14.162218805664168,658.6666666666666
1634,0.8725867974209698,2.1829793380554943,1.3523628975528026,4.905647286190284,14.651075367042651,581.3333333333334
1635,0.7214912618431004,1.7755620438489141,0.9872750442754965,4.276142926914029,14.392927452756295,682.6666666666666
1636,1.1886628865022264,2.9829220279655737,1.848229183702878,6.721427732027538,17.533079124809728,393.3333333333333
1637,0.8162676232105587,1.9731420658264667,1.1762847908989693,4.589115780829227,14.660167571469128,670.6666666666666
1638,0.6902564534296611,1.761011164668309,1.1627214543637794,4.293023908449444,13.352524352215596,614.6666666666666
1639,0.7727951638918852,1.8956650146079936,1.2469988650701467,4.3495413394715,12.700752962831517,356.0
1640,0.7113940838171335,1.694673202271462,1.0388407862887559,4.0251216328300075,12.750825300422456,712.0
1641,0.7170276258142644,1.7860989753663103,1.3099041902371453,4.350859930035136,12.923256104593232,
1642,1.7110592340488737,3.0347939668496684,3.461927745513447,5.468466446092276,10.440616746549127,
1643,2.1961414501233603,3.909597269660007,4.673134163977017,7.253845992977061,12.434976666935144,
1644,1.9345473963630533,3.3347247152190156,3.980473518820251,5.803994444297211,10.098089312356976,
1645,1.4615373383590327,2.536457518063157,2.807444604010224,4.411481535465024,8.376929825343314,
1646,0.6978985410887769,1.723736234203657,1.2903309003708616,4.174670932252722,12.224016672188027,
1647,0.7368538956416475,1.8082627583258066,1.0670806565301665,4.239851275011745,13.269837143399286,702.6666666666666
1648,0.7299785627926111,1.89708153309323,1.2626285362702303,4.491943511111473,13.691887892151456,697.3333333333334
1649,0.6979447016631991,1.7868847803877963,1.1534711133782949,4.214085258906412,12.94134683452014,676.0
1650,0.6864989770933946,1.8905967796511387,1.1716771835053754,4.65158479404562,13.999284651136346,646.6666666666666
1651,0.6966255885544248,1.802292241278801,1.0637953202925723,4.327100249448617,13.917005215189054,677.3333333333334
1652,0.724823927544223,1.9354121364930252,1.1693531835183824,4.622196313149348,13.957226122430857,580.0
1553,0.7764523553172752,1.9719519145820037,1.2225107617468451,4.547851108667613,13.565831000473167,708.0
1554,0.7789342055030772,1.9788765018425338,1.2011247900776607,4.563658654553043,14.037235465793618,766.6666666666666
1555,0.744773454315105,1.8931922421513416,1.1094401183466038,4.468388956514677,13.83269274367817,714.6666666666666
1556,0.9044040836599823,2.0785530130162724,1.4988908158356535,4.5651231333351046,12.99269692403752,400.0
1557,0.8156000439230957,1.954696439490804,1.2413023451588983,4.410226183430481,13.218274179792836,825.3333333333334
1558,0.7516408851107825,1.9531506902176003,1.2610177747264006,4.5043945367411045,13.03466267242495,790.6666666666666
1559,0.7973178621728865,1.9307450196036733,1.3042849991967707,4.402763599590472,12.93813534526834,805.3333333333334
1660,0.7555999532897242,1.9020611374376546,1.2444649251565898,4.39388021075921,13.237522827650576,614.6666666666666
1661,0.8245010904294312,2.085111034681119,1.4073695515352715,4.75895174010953,13.885187262506593,638.6666666666666
1662,0.8297618786143272,2.06492113852948,1.2965537089046024,4.753954842006264,14.015740904401222,650.6666666666666
1663,0.7977300029554222,1.9708726078024337,1.2072255025201033,4.5552825443284,13.847204160150728,665.3333333333334
1664,0.7748545604575026,1.8845022227485833,1.2136397548797833,4.35672007798705,13.447675888326081,625.3333333333334
1665,1.2527613233388732,3.1582357632809246,2.033416597989004,6.908360587498029,17.447564965119906,370.6666666666667
1666,0.84876649270725,2.1443051633953454,1.4095500810160546,4.833118769200519,14.167214405580989,642.6666666666666
1678,0.7306854547925372,1.875977458912014,1.216229642591703,4.398106809590921,14.375589609536389,754.6666666666666
1679,0.7437317268374102,1.7748725829634808,0.9537831338794185,4.139691010817501,15.284757027399564,806.6666666666666
1680,0.7159764510686046,1.8455317623489211,0.9818632000050583,4.3455721722191445,15.764385807755154,752.0
1667,0.8197726950576929,2.1518153794889576,1.2926828685879999,4.93929206816968,14.825624277608256,552.0
1668,0.8297325347817196,2.1130187338874125,1.3139956193313633,4.8441473990682375,14.770592309982472,737.3333333333334
1669,0.7999397947519054,2.0345619648857576,1.268697306602941,4.687621764224095,14.193896223879639,536.0
1670,0.7971516414060369,2.0434323424621192,1.3324198111354049,4.671371146313668,14.338340318495668,698.6666666666666
1671,0.9498164929061527,2.273647497562944,1.4478312130851134,4.983088229558918,14.907131223404214,740.0
1672,0.7994036698660303,2.0630273037989126,1.312100516895144,4.794692231444943,14.415441186516178,474.6666666666667
1673,0.8678467926623399,2.0097882497078183,1.403581968301058,4.493001451796401,13.92807505094253,694.6666666666666
1674,0.8002281259871876,2.107817917592115,1.2590346073755752,4.9516145580876865,15.294097708292785,661.3333333333334
1675,0.7766037036845908,1.9057663620442316,1.2701311698807993,4.462648069716643,14.172659353503871,688.0
1676,0.7079246076817558,1.8409372098263437,1.0473534679802616,4.400009166505108,14.600006474687582,673.3333333333334
1677,1.114947884055204,2.738445295691708,1.8522538749780157,6.057016736313351,16.48958435686571,490.6666666666667
1681,0.7652227089571784,1.886965483361997,1.1347328599803879,4.4145968134130715,14.951083140401904,685.3333333333334
1682,0.6721612004973864,1.7582597149966543,0.9635763525370128,4.207860521429281,15.122220894941211,744.0
1683,0.6466582953722078,1.631286035454282,1.063328255626503,4.042228672722913,14.128101238868553,
1684,1.335706867439491,2.260605993230888,2.5511465973431413,4.1292202823196655,9.078115515002889,
1685,1.7404860067613748,3.0141532048261537,3.4399556160856397,5.3541880734264815,10.574625078572463,
1686,1.7833987334281165,3.0748190523960424,3.656875021144422,5.514076252466451,10.870575332118282,
1701,2.187619659195963,4.53655969521386,5.002072237778651,7.600945974923368,15.662876548281027,
1702,2.0810504699796666,4.324232756491702,5.009419913947332,7.933054627206862,16.38734178528234,
1703,1.6301205885173449,3.6070886802682227,3.9466029094947848,7.393631773695564,16.143241840209214,
1704,0.8130422198561003,2.2457548364287376,1.5662508830792201,5.193863206945117,15.917500034237783,
1705,0.907347500713407,2.6541080972091056,1.826435936469899,6.96961187841076,25.773063416938697,764.0
1706,0.7652717543650884,2.294471419231863,1.594174838862437,6.4991482748446705,25.629539285719915,510.6666666666667
1707,0.8016518601806827,2.0911689833930067,1.4205690542714553,5.2830337183631375,18.540481839893715,685.3333333333334
1708,0.8135234090351753,1.9923257860584245,1.3300574011967599,4.931457097054499,17.085880689547643,725.3333333333334
1709,0.6957580364137432,1.8214353178840221,1.0942668365357064,4.7365665313152014,15.86030830544021,709.3333333333334
1710,0.6318180108440598,1.7492165313865544,0.9112738760165022,4.37279480519291,14.894639016461694,760.0
1711,0.7177694813904572,1.801574319500907,1.0508650720865076,4.316688432415493,13.468962259957244,673.3333333333334
1712,0.7093265128934494,1.806617087237753,1.0554869198042538,4.3797435801054965,13.930867730027856,714.6666666666666
1713,0.7456684212214582,1.8045761007494074,1.105505406366856,4.2082008030509375,12.953477094576701,649.3333333333334
1714,0.6897879653083661,1.7727121704416946,1.0001132361099354,4.324246074581551,14.129701821201499,689.3333333333334
1715,0.8610423620424335,2.0672925070148,1.2727293972779705,4.670869565629841,13.777421200504552,693.3333333333334
1716,0.6961806519187049,1.8559028760526322,0.9805002711681909,4.556166862238136,14.936263816762299,648.0
1717,0.806089837137713,1.9815476613438943,1.2740506685508017,4.59344620394875,13.555022702836201,653.3333333333334
1718,0.8179672506778286,1.9444601929711565,1.2384241071435524,4.5596692958414335,13.791232828840261,666.6666666666666
1719,0.8067710139639097,2.0439797650065508,1.4674494982852324,4.7257624659539506,12.695402366029365,490.6666666666667
1720,0.6824027502405788,1.8265255748393976,1.1335389058830116,4.368390321947767,13.232590626496528,412.0
1721,0.802544495413471,1.8904735707559621,1.224700219932908,4.369908357548364,12.750410140288011,709.3333333333334
1722,0.8386179284091941,2.0296260878855747,1.38263346280926,4.660877917838166,12.994327783368767,581.3333333333334
1723,0.7685178920053799,1.901604142679554,1.1251377107036853,4.556119654224887,14.154807029192945,670.6666666666666
1724,0.9208191131025396,2.196914847284587,1.5976862183643576,4.927591346887976,13.35266992812385,558.6666666666666
1725,0.732463002478194,1.7465446210081947,1.1414464374966338,4.119588227789583,12.129615041354871,656.0
1726,0.7361905347877411,1.8477879401529214,1.1380526646494928,4.386194250636568,13.277948171382267,609.3333333333334
1727,0.8082702110742319,2.0411037231714126,1.2456708443362223,4.6384305529374075,14.026172026870622,610.6666666666666
1728,0.8491572510633969,2.0867142257310203,1.312378938175694,4.698005091662825,13.95075519534774,674.6666666666666
1729,0.7960080445658049,1.8977824396183927,1.1966296312416855,4.491943247998796,13.576825797179382,698.6666666666666
1730,0.6695915389805078,1.7924294735220025,0.9503936777075235,4.486844381045492,14.119785827537255,624.0
1731,0.6831197777537525,1.7436184099838385,1.088227949190943,4.305419027005566,13.028168359292401,693.3333333333334
1732,0.678890916174983,1.6775262254429855,1.0567236159794118,4.042050192152924,12.988078577964316,522.6666666666666
1733,0.7543989787341066,1.8574805121756128,1.0958429456033394,4.46616497075606,13.95405027150575,646.6666666666666
1734,0.7689380038970374,1.9282032756171898,1.2082488620535423,4.628040850631872,14.110845737141513,654.6666666666666
1735,0.7650497465471134,1.9184872390456604,1.1225421740194017,4.603274350228993,14.553710970807348,662.6666666666666
1736,0.7719363020945551,1.826838318338361,1.1549842183472667,4.378027738134069,13.739193811752498,649.3333333333334
1737,0.8457982111428445,1.9905038059341718,1.2512338758350194,4.587376065204843,14.189034095566189,654.6666666666666
1738,0.8315540580090017,1.9417853420400724,1.3436716276322644,4.505334311411787,12.725884988259459,542.6666666666666
1739,0.7194901594802544,1.734038340588399,1.0940360103076912,4.1832963193108945,12.827364721660693,636.0
1740,0.7776007388690651,1.8248178961409607,1.1801451895952426,4.396820543742249,12.92595321609535,640.0
1741,0.7863541531994706,1.926548951537911,1.4210683094888152,4.678055316688386,12.95213515869829,
1742,1.5786388490620733,3.001101765900443,3.142320874105544,5.644991275460438,10.828084491561382,
1743,1.7948812696898004,3.3112311363338502,3.6728667284724175,6.056420286706395,10.395071984265766,
1744,1.7836662996074373,3.238968142457228,3.638248453691553,5.822831486786401,10.12505659919292,
1745,1.4786084920915346,2.7478982284962585,2.8998283383340335,4.946217108031165,8.937068792119142,
1746,0.7508842558038198,1.836392053549676,1.3554022156156647,4.361909094397419,11.792783666940203,
1747,0.7918930247662521,1.9491827940904665,1.3343801244519562,4.501406722217573,12.360175632969248,613.3333333333334
1748,0.8380349874394868,2.061522934223442,1.3214519945729961,4.73970033440753,13.313225773727845,568.0
1749,0.7446090858644077,1.8924542913743716,1.2230620541677277,4.430385004206455,12.725011920302162,556.0
1750,0.7831215150048159,1.9491864516165198,1.3183776701810639,4.587492612505056,13.143770572129224,525.3333333333334
1751,0.8749913712281684,2.1181463743334548,1.5446182983184475,4.732543477118162,12.611716414849077,561.3333333333334
1752,0.8364601096721329,2.0528137974071448,1.3358285929322058,4.611364686415191,12.618981566923175,456.0
1753,0.8694207642495342,2.076146918240302,1.4666990949875842,4.644467587533981,11.999057566238537,573.3333333333334
1754,0.8139812972073237,1.9701304369192276,1.2524743339813655,4.462269665849284,12.719265998684108,649.3333333333334
1755,0.8560673057184796,2.01479069632238,1.3063969972601701,4.605326111487937,12.730270880627787,513.3333333333334
1756,0.9159798908494544,2.2355667328831537,1.5364336116082409,4.964254681987033,13.015360316054691,
1757,0.8896715679957075,2.0370157847038692,1.3478967456065778,4.504718349844817,12.587406335139857,560.0
1758,0.7513617975226204,2.016543120947025,1.3310635613423503,4.610863857020791,12.328501342899273,438.6666666666667
1759,0.8165054598408309,1.9356570970817675,1.3114061168339615,4.313011805873931,12.214883244030228,561.3333333333334
1760,0.7737640176865499,1.9832817173854895,1.2657437435473278,4.608321199028756,13.518725453311255,520.0
1761,0.9723410850096919,2.3931333448153906,1.6317617155156872,5.395128999911388,14.01343088499788,560.0
1762,0.8415729045708984,1.9902621867353276,1.2679573008273262,4.5241801399574975,12.937256832515432,585.3333333333334
1763,0.8651653401721716,2.0510815658898487,1.4337715427913167,4.558810317309373,12.44219651506208,553.3333333333334
1764,0.7997431677089776,2.0792660501597107,1.2372525305620266,4.855189931695348,13.960055508865192,616.0
1765,0.7566092410598775,1.9822047840742827,1.2269983739528443,4.6678142083406,13.735548835815418,581.3333333333334
1766,0.8647607112236984,2.1472587335769777,1.4194313155171097,4.794706467740122,12.985258348528594,536.0
1778,0.794277889159562,2.088240187836159,1.399804541316347,4.737876266070327,13.508547443618617,560.0
1779,0.7557368762048335,1.912362214037409,1.133782628895932,4.4961993797822695,14.347138914924168,693.3333333333334
1780,0.7831772953778167,1.9699345504613697,1.1416320229618988,4.523021128785889,14.436043537173063,701.3333333333334
1767,0.81628498166028,1.997390265748771,1.2086100844695946,4.565888891938247,13.689507887710537,649.3333333333334
1768,0.7738649783738171,2.0574692059234403,1.2804474075627865,4.7806194414155465,13.790957405694598,605.3333333333334
1769,0.8848966221764878,2.1117391182839604,1.3576807316623636,4.7074878147958374,13.776966103633475,608.0
1770,0.8325493255231011,2.060097534217987,1.3712816009120439,4.664076731173644,13.481231082405237,500.0
1771,0.8219875110184843,2.1608470309791903,1.3025108483560786,4.894590898722566,14.267597833572932,618.6666666666666
1772,0.7997296084846632,2.033829512595325,1.2608295124733804,4.7795229092853795,14.122741098222983,592.0
1773,0.8673925499853089,2.104358844714805,1.445054717014714,4.761598326143108,13.319756704400337,538.6666666666666
1774,0.8943751665920525,2.1751069096068623,1.5266215431398613,4.951288590954231,13.988601887495154,624.0
1775,0.8029242292881824,1.9866066712339099,1.3452908851335668,4.5867344120133025,13.526250438956861,568.0
1776,0.7145786885458527,1.961733448542366,1.1346869463598055,4.5287004209433945,13.557505630755,505.3333333333333
1777,0.8357965789762135,2.0977223654676687,1.361204042363196,4.737230662715115,13.905184952012956,605.3333333333334
1781,0.755535228640611,1.8020492539497073,1.1999947300919969,4.163218988480405,13.284142340211169,646.6666666666666
1782,0.709575637937184,1.8580716641839659,1.0070562670135725,4.437073209262751,14.851989127964604,746.6666666666666
1783,0.6547243876522226,1.679829928303688,1.120043018369722,4.121480704017638,13.580072222389862,
1784,1.2017669575063477,2.133218933698826,2.197855075753097,3.9176246767231704,8.627330070932116,
1785,1.5628371498728635,2.7372050349733605,2.94044002636247,4.913890159838934,10.095260987021327,
1786,1.9172966078644436,3.2353334862145653,4.001711937890844,5.644910265735184,10.70614763174339,
1801,2.4501754823817166,5.7005459762814,6.877697181471046,12.790270199032415,31.656787978145204,
1802,2.3540022380491057,5.446782328773816,7.055955154579383,12.33205429944727,27.850799708568033,
1803,2.086224701694517,4.892399504771894,6.626250820274885,11.1715213068018,24.773913636567098,
1804,1.4520895763208879,3.9552363073978167,4.8008795869632745,10.574554644176912,29.16753433053455,
1805,1.459587721369738,4.110877649123511,4.454907101578274,10.709760373350354,30.046821723896123,669.3333333333334
1806,1.3517121467428894,3.832897106226571,4.242706644186923,10.03624105283192,29.854576935533363,732.0
1807,1.280828448968557,3.2569412812161853,3.5681481824332253,8.644268639788539,26.01444931157111,697.3333333333334
1808,1.172405754418909,2.8133429429741463,2.9838622684899136,6.983314608380436,21.037149568593932,649.3333333333334
1809,0.958606862119618,2.2323113000704113,2.1846371423521367,5.257623992784195,16.217264459495027,717.3333333333334
1810,0.8848228315109403,2.0806896121782508,1.610056970168797,4.787553099385788,14.440045541996465,705.3333333333334
1811,0.8645339045654694,2.034788087792024,1.5122889597310665,4.602556288334732,13.39126064114804,693.3333333333334
1812,0.9264705358317468,2.1138314160804796,1.6482443540548353,4.65225647584432,13.113693462587172,617.3333333333334
1813,0.9289097765312722,2.1338216804337513,1.5961571469339395,4.686428180571255,13.022314326917488,682.6666666666666
1814,0.8097885175951367,1.9702301684248686,1.5106078801119984,4.457906619353694,13.37758216650506,533.3333333333334
1815,0.9202696497469925,2.12402560221556,1.611267402583254,4.775600326888355,14.074916798333152,649.3333333333334
1816,0.9125775404167267,2.1265493121109023,1.5518564491798845,4.728636061571649,14.115170478879936,706.6666666666666
1817,0.8980834143692714,2.0276532359391637,1.6197623045004494,4.501302760169798,13.135988857605977,524.0
1818,0.9617322019210836,2.2062714183167156,1.7341106545567146,4.836535579498316,13.424492574283578,400.0
1819,0.9485673096976162,2.1459477423076896,1.7078022083567832,4.72089858307495,12.5270147234571,608.0
1820,0.8870726704441307,2.0315224790468926,1.5511578885198953,4.570940381542796,13.472758850570582,629.3333333333334
1821,0.9458989545859924,2.102612951738275,1.6502465523940164,4.593904972380946,12.89165316804771,688.0
1822,0.8885614782665119,2.2267787876232203,1.613853129330422,5.066103731370751,14.445205452372978,552.0
1823,0.9506488319183273,2.193276087709856,1.6633511250871855,4.971734350527231,14.025080481275083,670.6666666666666
1824,0.925927309050514,2.1751055307808267,1.674107805415911,4.843936423907827,13.564422949577969,565.3333333333334
1825,0.9118660209126643,2.1194189117441598,1.6280274556081276,4.756604177626364,13.224093988963535,613.3333333333334
1826,0.9814809242256947,2.38434331020348,1.7351190193811274,5.211884534583306,13.947849987448732,634.6666666666666
1827,0.9942048856705805,2.449740016606035,1.8130422593098101,5.468104018462409,14.489324084554044,528.0
1828,0.9979314830063595,2.647667855669985,1.8117506146504885,5.993798069391282,15.57583593880787,368.0
1829,0.9419297188915827,2.0996991511243945,1.6220619918639865,4.6502438203897345,13.410370654441298,653.3333333333334
1830,0.8774206203329544,2.113050710297346,1.5404934354420226,4.838679081710451,14.49232563444133,734.6666666666666
1831,0.9268743845634608,2.22385965030778,1.626088413169117,5.134048716164017,14.565421544602295,610.6666666666666
1832,0.9510185303705185,2.2329355026890836,1.599322353547166,4.991073679886316,14.34917374747021,710.6666666666666
1833,0.9144115320812383,2.2273749928799567,1.5319449305308845,5.08902745539662,14.993569793800516,606.6666666666666
1834,0.9500560975960677,2.146871742570682,1.5856388460321842,4.8035839578499,13.907492499227924,681.3333333333334
1835,0.9298206837541036,2.129297894471519,1.5788305731789614,4.80465679645154,14.113180001532388,724.0
1836,0.938696466583674,2.137929397343187,1.6599577186220804,4.874089160628092,13.898269127507419,394.6666666666667
1837,0.9473058682129967,2.2655156619741486,1.6466628206977934,5.082367085039775,13.966876117292319,517.3333333333334
1838,0.9563630850910805,2.117871409442467,1.6477120488265773,4.747510032387563,13.307557323984508,626.6666666666666
1839,0.8197612454515067,1.9948707914530464,1.4558245600187287,4.625636926888747,13.373251271487337,606.6666666666666
1840,0.9892035529008166,2.2584906567228047,1.719146874940047,5.13798161851509,13.682012174730854,558.6666666666666
1841,1.1666414426000302,2.4750983057521467,2.4549146630342977,5.4153724645205275,13.853343354759826,
1842,1.656086074833257,3.276212387562298,3.496332358547839,6.388606579241061,12.296881963714716,
1843,1.6360106955396994,3.1143376328960244,3.4645136699243038,5.835487304558413,10.926333325595715,
1844,1.6946199058351752,3.222215603178904,3.5798872122869954,5.904147437999828,10.849367926178846,
1845,1.4274493065840983,2.8345399256847426,2.9521653444349156,5.361841263672677,10.409045775146737,
1846,0.9505693820064895,2.158524993851799,1.794322579028465,4.757073348904734,12.326683735510418,
1847,0.9764692500974683,2.2308148604841707,1.8093592834397483,4.856484978732518,11.868556148653463,526.6666666666666
1848,1.0047800884266112,2.2763396417005124,1.7705237089826253,4.912615497131641,12.758388776614492,630.6666666666666
1849,0.9398424334910802,2.204747735129833,1.7384694314410232,4.899587214520814,12.855391966610677,565.3333333333334
1850,0.9599973995297696,2.2891074421224276,1.70685416094613,4.989029826233088,12.929819068515174,612.0
1851,1.0613465974812297,2.5202892319116277,2.084766279843948,5.37947682875712,12.635437477368209,437.3333333333333
1852,0.9142653893257058,2.210003082929105,1.6546705241276276,4.8762658218709065,12.556225658205179,586.6666666666666
1853,0.9770767291436817,2.1785602814096565,1.7452961392924258,4.65626189720868,11.7758088186871,346.6666666666667
1854,0.9278816416336584,2.2499785562736925,1.626968986210087,4.9114579945181775,12.970936680582186,576.0
1855,0.9438398352478694,2.1388692363704846,1.6351126510679417,4.595972109653999,12.098778975772719,626.6666666666666
1856,1.0090920062184128,2.3524827687029166,1.8501506233823455,5.059130697960901,12.589721245055514,382.6666666666667
1857,0.9922950400645626,2.214117207997919,1.6907176501176753,4.717584061224952,11.995504094063056,513.3333333333334
1858,1.03059701051412,2.3643639802444865,1.8524170613997255,4.965892330836509,12.501904524759283,588.0
1859,0.9920424164978592,2.30853557358201,1.8131231768380087,4.964508286077113,12.585846690668003,517.3333333333334
1860,0.9656694192135863,2.3535313858931515,1.737836879915064,5.146771883262719,13.222188870212626,458.6666666666667
1861,1.1176481603803672,2.8832191250353443,1.9504035625610479,6.392187983944778,15.230595086160161,344.0
1862,0.9543778604631085,2.2827275719233158,1.6906216838173456,5.022378364917891,13.297706220749891,530.6666666666666
1863,0.9903483554222825,2.283444147774695,1.7964837909901479,4.9930119157912936,12.83844470407606,542.6666666666666
1864,0.9793016463578217,2.3074130670300548,1.7974642173359436,5.0525726935334685,13.1527303408107,534.6666666666666
1865,0.9271697612824013,2.232878841495963,1.6841018420115672,4.918505170692992,12.666942277107207,397.3333333333333
1866,1.0131390368523363,2.3753323793913848,1.8230816985360359,5.162235117518891,13.774044767560227,625.3333333333334
1867,1.0238530146460774,2.291571969116874,1.841541434984485,4.92111268215443,12.970273817067458,
1868,0.980235120968845,2.3819189825455647,1.807377408917283,5.239358189458482,13.7181673329974,630.6666666666666
1878,0.9481989826884164,2.2602366474205757,1.7055524162103624,5.128979878727763,13.693949861945732,646.6666666666666
1879,0.9958671227411711,2.2511793812552074,1.779707445796683,5.157926337474892,13.908728409904445,478.6666666666667
1880,0.947728443935344,2.151930700704857,1.6108604590146114,4.925608502262609,14.226490370385228,732.0
1869,1.026271362188599,2.2641258934996884,1.8396021064317207,4.966056860565761,13.324222752014325,645.3333333333334
1870,0.9447451642530014,2.2321196796453857,1.7706145503515653,5.002419072335641,13.3933227341977,628.0
1871,1.0230259656594745,2.400652346182391,1.8605419795988862,5.24581204833175,13.588539514499939,590.6666666666666
1872,0.984729139517946,2.2521966165247655,1.7347929218996514,4.978553306526823,13.500960053599602,661.3333333333334
1873,1.0645265158753698,2.3712413268503774,1.839666892404084,5.225095273973421,13.868292137123051,629.3333333333334
1874,1.1693443904499734,2.5475171252041156,2.209688397320187,5.668813547857161,14.0604383506413,589.3333333333334
1875,1.0535956835863935,2.2889610098545594,1.8965282980230647,5.015638358964925,13.019594249563905,648.1761287242755
1876,0.9434516246353957,2.307455034860012,1.683748375523153,5.197797575662102,13.775523273565515,704.0
1877,0.9343881453897901,2.244270819872404,1.6591413086956461,5.078595822288966,13.807041408455685,713.3333333333334
1881,0.988950518554715,2.2719492096339344,1.7448063035818984,5.18828450506701,14.124818795088617,600.0
1882,0.9542136261513054,2.1326207751079282,1.6771436215346043,4.8416191459193625,13.638091525221094,714.6666666666666
1883,0.9016724204857028,1.9932841471333542,1.6550957498471393,4.688766633512984,13.238226867635689,
1884,1.3092113628177788,2.4772391713944946,2.547208492213949,4.938096958627216,10.599593391330053,
1885,1.4854930958623764,2.7310743869999197,2.9636715497902912,5.3039357485903675,10.999627727684047,
1886,1.5466613568286112,2.8059991923705923,3.1284754512648636,5.425544548005844,11.214351522524845,
1177,0.8743306197233507,2.258375545757424,1.6779472336320844,5.136456888084042,13.73298663695949,457.3333333333333
1178,1.2603487423308817,3.119568902194234,2.095869248351712,6.8406718037734215,17.125674655331323,384.0
1179,0.8167972619114046,2.008003943415891,1.321536841440032,4.621056242083897,13.224159182130645,513.3333333333334
1180,0.8540396922480518,2.0032211917328744,1.385059821000786,4.491511530573256,12.731425914270357,450.6666666666667
1181,0.8224728470715381,2.072003631086626,1.3199240029963248,4.696304481543802,13.730642896696983,554.6666666666666
1182,0.674263642709297,1.810079219671234,1.080767606748345,4.389699583435578,13.320204781832556,562.6666666666666
1183,0.7488160553384615,1.8678324848694356,1.409697359357403,4.477346072597275,12.563581372235731,
1184,1.4699002871561486,2.6226785157675905,2.7536701335804548,4.65716796385324,9.424371936535902,
1185,1.820877605567257,3.1297716951079004,3.597473591194291,5.417878898190306,10.35060037886871,
1186,1.707107268757604,2.92060895964414,3.2740683264202475,4.959907832314501,9.508725935553324,
