Plot_ID,Blue,Green,NIR,Red,RedEdge,GrainYield,Block,Name,CodeName,Heading_Date,Maturity_Date,Days2Heading,Days2Maturity,NDVI,MTCI,DVI,GDVI,MTCI_CI,EXG,EXGR,RDVI,TDVI,GNDVI,NDRE,SCCI,EVI,TVI,VARI,GARI,GCI,GLI,NLI,MNLI,SAVI,GSAVI,OSAVI,GOSAVI,MSAVI2,MSR,GRVI,WDRVI,SR
1101,0.028579152189194997,0.065614260733128,0.29417185485363,0.046904154121876,0.121526811271906,453.6585366,1,Avle,,2020-06-21,2020-08-07,62,109,0.7249636275341527,2.313574056129072,0.24726770073175403,0.22855759412050203,2.313574056129072,0.055745215155185,0.05569366011768661,0.42339117762953166,0.46602099650681,0.635259628481656,0.41531296020465763,0.5728742028303929,-0.5144565110887718,15.58446630835532,0.22290053566164084,0.34629627162446325,3.4833524231890873,-0.047743013469814986,0.29700659073721153,0.09385146700149784,0.4409845806319182,0.3987461357721339,0.4934734377670857,0.43971469661611856,1.219326726929845,5.872460165072207,4.483352423189087,-0.22912292586193517,6.271765483484732
1102,0.032562799751759,0.066504575312138,0.285350888967514,0.050313670188189,0.125359810888767,439.0243902,1,,GN10637,2020-06-21,2020-08-11,62,113,0.7002145813979113,2.1319028078617075,0.23503721877932499,0.218846313655376,2.1319028078617075,0.05013268068432802,0.04619811773300144,0.4056802777563809,0.4435668921308107,0.6219778740779727,0.3895468955026794,0.5563250264297358,-0.46606548014206434,14.749869331717461,0.19216449429589766,0.3347866447665356,3.290695604448638,-0.07583596621683981,0.23616018698357155,0.07387101990231162,0.4218867777822063,0.38535817899654606,0.4741860486851811,0.4275549035377874,1.1876853536874319,5.251531294490856,4.290695604448638,-0.27620702651739215,5.671438555370969
1103,0.032494870945811,0.067391701042652,0.27694478631019603,0.05083349719643599,0.119320370256901,409.7560976,1,Runar,,2020-06-19,2020-08-04,60,106,0.6898299871937217,2.3015274170005275,0.22611128911376005,0.20955308526754401,2.3015274170005275,0.051455033943057026,0.04767983891069862,0.3949409420074108,0.4281496537417578,0.6085706655095515,0.3977751095221653,0.5766277443813993,-0.4444822823470852,14.229005500674244,0.1931428978402432,0.33126712085083876,3.1094790905325054,-0.07306651577293893,0.2028113363201844,0.061825343809049305,0.40973161585474566,0.37228004783590235,0.4635534150644199,0.4155025276228621,1.1647615438855345,5.0196480511459285,4.109479090532505,-0.29465955694895585,5.448076594848427
1104,0.026802874170244,0.056351628154516,0.27460885047912603,0.039726661518216,0.115316264331341,474.796748,1,Betong,GN13618,2020-06-20,2020-08-08,61,110,0.7472340222344848,2.1073346097821575,0.23488218896091004,0.21825722232461003,2.1073346097821575,0.046173720620572,0.04690802264958559,0.41894147897827105,0.44921632613046536,0.6594661188117591,0.4085209700462952,0.5467108802469647,-0.5041374038493476,14.757930003106601,0.2399836437747951,0.3066115341482791,3.87313072350189,-0.056785967682110444,0.3099217255242005,0.0870132450344432,0.43265125768273627,0.3939848427271047,0.49518153926924663,0.44455151040268365,1.188309827230381,6.532106970443322,4.87313072350189,-0.1825602674482382,6.912457276411427
1105,0.035113580524921,0.070572949945927,0.261020675301552,0.056686252355576,0.128928035497665,411.3821138,1,Reno,,2020-06-20,2020-08-04,61,106,0.643153816168892,1.8284797807950028,0.20433442294597598,0.19044772535562499,1.8284797807950028,0.04934606701135699,0.040558263659477595,0.3625168463566526,0.3877537555374639,0.5743407317118588,0.33874362485557996,0.5266914637518468,-0.38052557249792274,12.815533280372598,0.15070382425787898,0.3377191177272024,2.698593802604908,-0.09112372517814793,0.09169780341190421,0.027477296788015214,0.3748306686078155,0.3435230614573588,0.4277401291794456,0.38740885881046455,1.1091447263198844,4.138639071186933,3.698593802604908,-0.3694263256898401,4.6046557049537675
1106,0.030442417599261,0.054931791499257004,0.248217418789864,0.052792113274336,0.113436564803123,450.4065041,1,Mirakel,GN06600,2020-06-20,2020-08-07,61,109,0.6492329467953435,2.2224762626925987,0.195425305515528,0.193285627290607,2.2224762626925987,0.026629052124917008,0.007651885040103612,0.3561973427444772,0.37397712734516586,0.6375923826628664,0.37267902498324534,0.5740297482172054,-0.3767297571816584,11.81110545992852,0.027686814826613088,0.35661272291582136,3.5186477996666348,-0.14657180646044485,0.07709322834808259,0.021532510479819713,0.36596063659551725,0.3609895113157627,0.4239072989239475,0.4173290658747931,1.0853646553121368,4.240611979485337,4.518647799666635,-0.3603785862729726,4.701789782500159
1107,0.034265261143446,0.06553743779659299,0.256448268890381,0.055424723774194995,0.11930427700281099,440.6504065,2,Felgen,SW21074,2020-06-21,2020-08-11,62,113,0.6445686219851354,2.1469153266734797,0.20102354511618603,0.19091083109378804,2.1469153266734797,0.04138489067554498,0.029327715188264984,0.35996315014471514,0.3825831208923434,0.5929170988927981,0.36498486407209424,0.5662467138844237,-0.37698807964671655,12.465921267867081,0.11664447024692827,0.3385983252364286,2.9130041929059467,-0.1094039471008272,0.08532843828247354,0.024970581170233756,0.37140700626662904,0.348383486855125,0.42601197407176183,0.39609230822642466,1.1003836370432432,4.162073417226709,3.9130041929059467,-0.367337633445929,4.62696521384884
1108,0.030089015141129,0.055765260010957995,0.24147430062293998,0.050430927425623,0.117724325507879,359.3495935,2,Polkka,,2020-06-22,2020-08-07,63,109,0.654470543314606,1.8389616016090522,0.19104337319731698,0.18570904061198198,1.8389616016090522,0.031010577455163987,0.016172539070249785,0.3535990105375057,0.3672882574899563,0.6247790173553474,0.34451683863064564,0.5264054160265473,-0.3711658944271695,11.675975695252419,0.07008974876410907,0.33663163855551936,3.330192320012311,-0.12889676089358543,0.07245590386386347,0.019414447540738122,0.3618678721216904,0.34941010791848137,0.4227509693178122,0.4061526092679353,1.0734398808385557,4.331221866227462,4.330192320012311,-0.3524279462387917,4.788218518865696
1109,0.026488680392504,0.048752810806035995,0.24842026829719502,0.040307205170393,0.126424968242645,391.8699187,2,Seniorita,GN07574,2020-06-21,2020-08-08,62,110,0.7207941129653683,1.4166101824103008,0.20811306312680203,0.19966745749115902,1.4166101824103008,0.030709736049174995,0.0230324596166608,0.38730694640425567,0.40233257830944646,0.6718894527515368,0.3254551163052698,0.45152299450163075,-0.43644649485275006,12.824608013033842,0.1349756331206191,0.3022088157498326,4.095506580852125,-0.1098168548000382,0.20981630246189478,0.053334018143360924,0.39578891973645874,0.3757040899746117,0.4637849818255762,0.43674368990146406,1.117490076275121,5.7603649829871735,5.095506580852125,-0.2373808234707477,6.163172744104523
1110,0.025188079103827,0.04798075556755099,0.25260192155838,0.038094159215689,0.121654942631721,430.8943089,2,Arabella,CHD132/05,2020-06-20,2020-08-12,61,114,0.7379107477868199,1.5670865395636715,0.21450776234269103,0.20462116599082902,1.5670865395636715,0.03267927281558598,0.02732820548117239,0.3978537210035525,0.4147356976031862,0.6807483649668264,0.3498853099462338,0.4741566795112118,-0.4603670247314066,13.26592959463594,0.16237658340331265,0.29955418559160013,4.264650766133677,-0.09608843552334023,0.2523365519682709,0.06408080449712995,0.4069346634411556,0.3833854488185027,0.4759476984452021,0.4442658748428833,1.1345367045031733,6.242649356543901,5.264650766133677,-0.20257435806720125,6.630988234394381
1111,0.025539796799421,0.04891849681735,0.251188069581985,0.03921715170145,0.12039584293961501,356.097561,2,Zombi,GN11644,2020-06-20,2020-08-06,61,108,0.7299142795840152,1.6111645143261417,0.21197091788053496,0.20226957276463498,1.6111645143261417,0.03308004513382899,0.027094529569149,0.39334539506333754,0.4096911343269263,0.6739924927050287,0.3519857083015322,0.48222882898267455,-0.4507474948047155,13.106308877468098,0.15498383438237598,0.30299856555264626,4.134828049190909,-0.09741108109867269,0.2333856735654398,0.05946653285542881,0.40227008660762004,0.37920493580291736,0.4706226923314107,0.4396146187339597,1.1277540894642237,6.009927778394115,5.134828049190909,-0.21913631252212892,6.405056427713429
1112,0.025510813109577004,0.054030219092964994,0.27608408033847803,0.037459246814250995,0.127838261425495,334.9593496,2,Bastian,,2020-06-18,2020-08-05,59,107,0.7610585614791008,1.640268147983767,0.23862483352422703,0.22205386124551305,1.640268147983767,0.04509037826210199,0.0466776518151156,0.42615428254933463,0.4569149025085887,0.672657505681993,0.3670156452984931,0.48224363258617864,-0.5232989264519107,14.980328902602183,0.2511565722558522,0.3038974237370654,4.109808639928791,-0.05227044842684084,0.3409799828537365,0.09474742705005318,0.43997318684803605,0.40124690310286343,0.5039134115963687,0.45306546147114374,1.198534405633172,7.001903332816978,5.109808639928791,-0.15139378856361257,7.3702517754159595
1201,0.029267742298543002,0.067306611686945,0.417535811662674,0.04197850078344301,0.12853978574276,473.1707317,3,Krabat,GN03509,2020-06-21,2020-08-08,62,110,0.817291868190219,3.3386291117991083,0.375557310879231,0.350229199975729,3.3386291117991083,0.06336698029190399,0.07190369088202878,0.5540216026663415,0.6656034457799401,0.7223567557395433,0.5292234761872152,0.647533025575194,-0.8909230742257074,23.54656308889394,0.31653265846037476,0.41640514351548347,5.2034887984661475,-0.01913747986850742,0.6118755724485658,0.2771637834357892,0.5871053292396632,0.5334292953961188,0.6062124850616677,0.543123695485901,1.5338120277519955,9.629341928158661,6.2034887984661475,-0.0026861820695046525,9.946420283483702
1202,0.031928960233927,0.067727848887444,0.293888449668884,0.047216985374689,0.127935662865639,478.0487805,3,Tjalve,,2020-06-21,2020-08-06,62,108,0.7231531337596103,2.0559403593034737,0.246671464294195,0.22616060078144,2.0559403593034737,0.05630975216627201,0.05793382152915142,0.42235203611847183,0.4648436501918768,0.6254159496801873,0.393417023522246,0.5440300334134004,-0.5018214368844756,15.620722398161902,0.24707158423443326,0.32402101605796124,3.339255631125879,-0.05320600784387883,0.2930922650642238,0.0926946347642875,0.43990584417294193,0.3937261884908299,0.49225461757912486,0.43357656079264084,1.2177553568172357,5.823382531581411,4.339255631125879,-0.23272563365355853,6.224210362790865
1203,0.032044097781181,0.06827768683433501,0.27525806427002003,0.050214178860187995,0.12177237868309,463.4146341,3,Eleven,SW11011,2020-06-20,2020-08-10,61,112,0.691438026313664,2.144907026263779,0.22504388540983203,0.20698037743568504,2.144907026263779,0.05429709702730101,0.05227493345737286,0.3944666018330736,0.4266559808425441,0.6025002543994645,0.3865841733578525,0.5591016962415116,-0.44427391625132656,14.225173443555803,0.20895285569726277,0.3277848668309725,3.0314497610015714,-0.06389267665534014,0.20283047771132323,0.06123065006346037,0.4089366189160903,0.36805857457382235,0.46355664735599156,0.4110539857035682,1.1620096351631153,5.054566724936751,4.031449761001571,-0.29184945622731656,5.481680085547644
1204,0.029637886211276002,0.064076546579599,0.286199152469635,0.04607810266315901,0.13025896996259698,448.7804878,3,Zebra,,2020-06-20,2020-08-11,61,113,0.722652682653563,1.8524420988957804,0.240121049806476,0.22212260589003602,1.8524420988957804,0.052437104284763,0.05200430713593941,0.41656226521882617,0.4545124669013458,0.6341365001710123,0.3744438494711154,0.5181518846594007,-0.4950730586416778,15.12720074504616,0.22353660577987486,0.3298606025537543,3.466519619844126,-0.05709272920999274,0.2799624660346204,0.0855872618462308,0.4327663317583336,0.3918539706681203,0.487776039422545,0.4352992045357122,1.2010938372432558,5.809926628309544,4.466519619844126,-0.2337168763594423,6.211174851573497
1205,0.03200433216989,0.062533646821976,0.260515108704567,0.049663597717880995,0.12250520288944197,469.9186992,3,Bjarne,,2020-06-19,2020-08-05,60,107,0.6797742934020646,1.8946576683761391,0.21085151098668603,0.19798146188259103,1.8946576683761391,0.043399363756181,0.03640397377312363,0.3785913851287852,0.402474474103837,0.6128531947442344,0.36032007086196455,0.5300583949102747,-0.41262559916595265,13.165892623364961,0.16048861082285573,0.32093168887477125,3.165998977258032,-0.09255453782339557,0.15489030714716218,0.044219244700052986,0.3903796334967041,0.3608196851399155,0.44844972370407465,0.40985813464477944,1.1252017083366477,4.808975774829694,4.165998977258032,-0.311854361535727,5.245594775160048
1206,0.030741162598132997,0.060264706611632995,0.26666533946991,0.046763241291046,0.11254977434873599,526.8292683,3,Demonstrant,NK01568 ,2020-06-21,2020-08-11,62,113,0.7016019331899338,2.3426613009994903,0.219902098178864,0.206400632858277,2.3426613009994903,0.04302500933408699,0.037821178138255605,0.3927896857031936,0.4196341237400078,0.6313296539492627,0.4064067056010787,0.5792553959383954,-0.44175753233250803,13.734184503555321,0.1769830156912174,0.31695119981996567,3.4249006501997163,-0.08705430985939729,0.20655306004385468,0.05910713832276792,0.4055096600610234,0.37439799261676115,0.46448842996637163,0.4238814887666892,1.1486599803068407,5.283692601147035,4.424900650199716,-0.27368608005277945,5.7024562906200815
1207,0.030436111614107995,0.060622576624154996,0.25696349143981895,0.048330169171095,0.139296442270279,486.1788618,4,PS-1,,2020-06-20,2020-08-08,61,110,0.6833857010041875,1.2935239090343198,0.20863332226872394,0.19634091481566396,1.2935239090343198,0.042478872463107005,0.03543921224772901,0.37759373563586096,0.39926691468967573,0.6182289922620705,0.2969440994648343,0.4345190410459214,-0.4135321643540844,13.009695634245837,0.15655800304303377,0.3225455491666324,3.2387424908203615,-0.09071333470869432,0.15477443216246617,0.04321583865463193,0.3886159778852288,0.36022063453318437,0.4483906399988254,0.41111106027775407,1.1193042734022018,4.883150053190247,4.2387424908203615,-0.30575286454480327,5.316834098596577
1208,0.028413882479072002,0.052443120628595,0.24551306664943698,0.046172790229321,0.12768642604351,512.195122,4,Willy,GN10521,2020-06-20,2020-08-12,61,114,0.6834074114980956,1.445483806838328,0.19934027642011598,0.193069946020842,1.445483806838328,0.030299568548796996,0.018100782856342607,0.36909432712463397,0.38396267596112094,0.647980992724553,0.31572025930611286,0.46197956591372535,-0.40040138403236675,12.211229801177918,0.08931836506826092,0.3245841914115079,3.6815113918977804,-0.1233810249720713,0.13249363763528493,0.03488471015311888,0.3776882105852318,0.362933358558389,0.44132503461055483,0.42159043022957643,1.0946561297607456,4.883600898980428,4.68151139189778,-0.30571593719609125,5.317267278630465
1209,0.02967743948102,0.056280024349689,0.24753536283969899,0.045837722718715994,0.116903461515903,479.6747967,4,Rabagast,GN07501,2020-06-21,2020-08-07,62,109,0.6875124203608036,1.8381839622691265,0.20169764012098299,0.19125533849000997,1.8381839622691265,0.037044886499641994,0.029152099043128626,0.37238371707237594,0.38829147349841525,0.6295116921474027,0.35844672025484203,0.5213676286265937,-0.40337212036375647,12.519550472497897,0.14415043197292365,0.30915273809397137,3.3982810188863546,-0.10227364764389378,0.14411184816827854,0.03813805293312653,0.38134197603707143,0.35690161236913726,0.44488225381212054,0.41235229311595784,1.1008451069609864,4.969933031693934,4.398281018886355,-0.2986798469473943,5.400254379099594
1210,0.026768930256367,0.049822866916656,0.251864522695541,0.043085329234600005,0.12395492196083098,502.4390244,4,,SW11230,2020-06-21,2020-08-09,62,111,0.7078464087867737,1.5816773205192745,0.20877919346094098,0.202041655778885,1.5816773205192745,0.029791474342344998,0.019294880330561003,0.384426328859934,0.4021198662281286,0.6697053398174805,0.3403485438377552,0.48082259034287084,-0.43228569316520277,12.7962531149387,0.10186895168693805,0.3217219857918587,4.055199314741593,-0.11817931187754051,0.19104585718096653,0.05032902317259067,0.39394785649816344,0.3780307481385343,0.4589059488099354,0.4376157121133278,1.119356994421827,5.432113594551513,5.055199314741593,-0.2621709375484338,5.845714241247558
1211,0.023428780958056,0.042503301054239,0.23232451081275898,0.03920104727149,0.116452910006046,479.6747967,4,Caress,SW01074,2020-06-20,2020-08-10,61,112,0.7112533527372278,1.4999198298280223,0.19312346354126897,0.18982120975852,1.4999198298280223,0.022376773878932006,0.009998608753085024,0.37062071034408384,0.37612709138839107,0.6906914131761284,0.3322221964216829,0.4670940321660912,-0.40964672468628377,11.719497963786099,0.056666179874566944,0.3141964327285221,4.466034520854903,-0.13632493774894106,0.1585566515143014,0.03735899097537287,0.37547064031321487,0.3674775353658255,0.44753655936078873,0.4365433962089369,1.0772832228582432,5.515714891125735,5.466034520854903,-0.25576968472897793,5.926487351314289
1212,0.025873832404613002,0.053348284214735,0.272716015577316,0.039383737370372,0.12691852450370802,478.0487805,4,Alarm,GN11542,2020-06-21,2020-08-13,62,115,0.7476208359769306,1.6655948548949366,0.23333227820694402,0.219367731362581,1.6655948548949366,0.041438998654485006,0.03965005055069921,0.41766502474288797,0.4467531069750956,0.6727744543100358,0.36482705184603964,0.487984061291327,-0.5038963918719122,14.558518566191161,0.20886815834427636,0.3127711016676802,4.1119922522642405,-0.06925849929874763,0.30758593528947714,0.08551489671961222,0.4309795884557564,0.3983365424782371,0.49424359311791227,0.4513142221233514,1.1842873450303657,6.544567353021677,5.1119922522642405,-0.18171291313520885,6.924584455066918
1301,0.02714385651052,0.05711345747113201,0.46957916021346996,0.03648047521710399,0.10673924908042001,626.0162602,5,Demonstrant,NK01568 ,2020-06-20,2020-08-11,61,113,0.8558253902781039,5.164335942425239,0.43309868499636595,0.41246570274233796,5.164335942425239,0.05060258321464002,0.056643375381826455,0.6088159419035842,0.7466799146836839,0.7831241390008123,0.629582371969697,0.7356434841984668,-1.1362855146476032,26.811240389943077,0.31050351543385096,0.45847365659868566,7.221865406254187,-0.036608538755856464,0.7160887500460835,0.3646520681244652,0.6457351081544109,0.602613229565044,0.6502401015734717,0.6006555074570257,1.6673378320020866,12.593343126280388,8.221865406254187,0.12557098295795852,12.872068069807002
1302,0.02653656154871,0.05918495915830099,0.50884822010994,0.032735181972384,0.116952229291201,591.8699187,5,PS-1,,2020-06-20,2020-08-11,61,113,0.8791130531455686,4.6534045456990984,0.476113038137556,0.449663260951639,4.6534045456990984,0.059098174795507975,0.07245387919247137,0.6469599574931353,0.8026598105400068,0.7916144291622366,0.6262315586282552,0.7123447392659293,-1.3425444806394078,29.62477337569004,0.40453241249594557,0.4787520410371685,7.597593499201924,-0.0004885360894242351,0.7755263529705722,0.42857573717426617,0.6856575822719263,0.6315299042391044,0.6786264280546488,0.6176411649309766,1.7616717247256881,15.290746051332608,8.597593499201924,0.21704902145445712,15.54438342634581
1303,0.028504971414804,0.05788057669997201,0.41252595186233504,0.037467088550329,0.109432548284531,497.5609756,5,Betong,GN13618,2020-06-20,2020-08-11,61,113,0.8334770310404358,4.2116510433929335,0.37505886331200605,0.35464537516236305,4.2116510433929335,0.04978909343481101,0.05521574616432241,0.5591090661567664,0.6687796470828672,0.7539125280558027,0.580684869568215,0.6967017061566071,-0.9138292363835581,23.320071324706085,0.3053959524713585,0.40226912837930007,6.127191458383216,-0.04452396518684957,0.63912317899973,0.2813076176318187,0.5922025436350865,0.5481909355367537,0.614857610602043,0.562566152306767,1.537674301608137,10.708985636433871,7.127191458383216,0.048088438065539,11.010355162990443
1304,0.02605967130512,0.051722809672356,0.449166089296341,0.033300662413239,0.10247390717268,565.8536585,5,Zombi,GN11644,2020-06-20,2020-08-09,61,111,0.8619566538202232,5.0119404305715065,0.415865426883102,0.397443279623985,5.0119404305715065,0.044085285626352985,0.04918716792017441,0.5987135974701738,0.7275877644908014,0.7934759193950975,0.6284754266238752,0.7291264866260377,-1.0989108861217645,25.6888115033508,0.31243147516394887,0.434328643683643,7.684100731217706,-0.04691182295431315,0.716651404691058,0.3437507406481052,0.6349305350427265,0.5956354596901395,0.6472948612149962,0.6013768429825145,1.6353009802455933,13.215918316034177,8.684100731217706,0.14850871574738858,13.488202838805112
1305,0.028004372492433,0.056873725727200994,0.303256288170815,0.039052253589034,0.10372889786958699,642.2764228,5,Caress,SW01074,2020-06-20,2020-08-13,61,115,0.7718300958061886,3.084999113988077,0.264204034581781,0.246382562443614,3.084999113988077,0.046690825372934994,0.04889139607548838,0.45157571383283845,0.49889632168604714,0.684148926596788,0.4902571325567133,0.635187893320786,-0.5788413453741182,16.56510096043354,0.2623829584067166,0.317315675353559,4.332098157687191,-0.05632008134465805,0.40385806568835075,0.1257782764001202,0.4704998610659495,0.4296720701450149,0.5259795775244759,0.47369418387750106,1.2647339998884044,7.406543613732172,5.332098157687191,-0.12578395980536963,7.765397904103808
1306,0.027840617112815,0.053504072129726,0.401493489742279,0.036991534754634,0.093566711992025,543.0894309,5,Reno,,2020-06-19,2020-08-08,60,110,0.8312757212309565,5.442789449128631,0.364501954987645,0.347989417612553,5.442789449128631,0.042175992392003,0.04389191586524142,0.5504558343068481,0.6543419406443874,0.7648160051249804,0.621998651217608,0.7482459012474825,-0.8853492607663503,22.53061879426238,0.26354704446207133,0.3977364025524904,6.503980047889022,-0.06592213813084571,0.6267036270573128,0.2668451515600685,0.5825910038091033,0.5465816325181249,0.6090410621285731,0.5658386946336829,1.5137006125876327,10.550121413081088,7.503980047889022,0.040935675960015204,10.853658611501194
1307,0.028196995146573,0.058291932567954,0.276523858308792,0.037307273596525,0.10526177659630802,635.7723577,6,Krabat,GN03509,2020-06-21,2020-08-12,62,114,0.7622461903634175,2.520246255248616,0.239216584712267,0.218231925740838,2.520246255248616,0.051079596392810005,0.05714134592562901,0.4270151406784931,0.45801400157002015,0.6517969931148635,0.4485817853127302,0.5884998718050123,-0.516088093405642,15.19238144159318,0.3113348754368642,0.2799760984220073,3.743775787265819,-0.03960903998245406,0.34417891539407336,0.0956987077166212,0.440908270771518,0.3921199050002006,0.504856200035561,0.44103670449595156,1.2001226068588156,7.044754839509776,4.743775787265819,-0.14862897759548196,7.412062894205942
1308,0.026463626883923997,0.053806098178029005,0.268574327230453,0.037109613418579004,0.10477351397275901,617.8861789,6,,GN10637,2020-06-22,2020-08-13,63,115,0.7572027281525657,2.420800632481052,0.231464713811874,0.214768229052424,2.420800632481052,0.04403895605355501,0.04589159544557342,0.4186474803093933,0.4448168315668239,0.6661950047999823,0.4387351289612459,0.5794156738337146,-0.502066275012027,14.555742219090439,0.2590526719791916,0.28900559974290085,3.9915220825308184,-0.057055917343921674,0.3205967073590569,0.08622821880862142,0.4309345801755968,0.3917315315702227,0.49704250803512257,0.44522583782407266,1.1796894695824147,6.865609093009774,4.991522082530818,-0.1602728485044498,7.237324846288771
1309,0.031041007488966,0.059992045164108006,0.269580572843552,0.043063633143902005,0.110092893242836,614.6341463,6,Eleven,SW11011,2020-06-20,2020-08-14,61,116,0.7245198707080465,2.3793740131595524,0.22651693969965003,0.20958852767944403,2.3793740131595524,0.045879449695348004,0.04558240845799322,0.4051123595551891,0.4330062915256807,0.6359403549556193,0.4200653820892172,0.5797844877307544,-0.46356276862651935,14.268152862787241,0.23506893564428186,0.29204204502195347,3.4936053122729094,-0.07271208070080927,0.2558384151323498,0.07213315944801012,0.41811091132632855,0.3789695858985827,0.4792546630851172,0.4281050858856749,1.1660386742398465,5.8603730381770855,4.493605312272909,-0.2300083839885049,6.260051769034861
1310,0.029085497371852002,0.055243622511625,0.26818473637104,0.04247615672648,0.105019688606262,583.7398374,6,Rabagast,GN07501,2020-06-20,2020-08-10,61,112,0.7265432652113941,2.6088236922469554,0.22570857964456,0.212941113859415,2.6088236922469554,0.03892559092491799,0.03470259401947098,0.4049531435131535,0.4319306299558655,0.6583872688067741,0.43720019604457155,0.6017538348763914,-0.4683475740375868,14.0532134100794,0.18602169991411638,0.3060890470584891,3.854582740561691,-0.08963543127942207,0.2574047164490345,0.07189192866364187,0.41763809300482924,0.38790462745604476,0.4795566892314413,0.4404812211504929,1.163957563823576,5.915796426283041,4.854582740561691,-0.2259581010421911,6.313771231657862
1311,0.029599959030747004,0.05969690531492201,0.281292855739594,0.041785977780819,0.109250240027905,661.7886179,6,,SW11230,2020-06-20,2020-08-11,61,113,0.7413264290606717,2.5501296535577267,0.239506877958775,0.221595950424672,2.5501296535577267,0.048007873818278,0.04920441024005342,0.42137012064531676,0.4559259849434192,0.6498610097247002,0.44052146248697394,0.594234125775274,-0.5025648689164206,15.08684977889062,0.24916804327420763,0.3030654196141851,3.712017386088542,-0.06126977131172581,0.3088179954662238,0.09020532873220137,0.43648348409296395,0.3952413466011996,0.49579253185940797,0.44231632590303316,1.200087752157787,6.346330892094268,4.712017386088542,-0.19533205700105863,6.7317523886856545
1312,0.030393920838832994,0.059270940721035004,0.279046684503555,0.045699179172516,0.11013166233897198,595.1219512,7,Seniorita,GN07574,2020-06-21,2020-08-12,62,114,0.7185542032455248,2.621581752921195,0.233347505331039,0.21977574378252002,2.621581752921195,0.042448781430721005,0.03774087131023361,0.4094787305495556,0.44325447332618007,0.6496136393621919,0.4340298568381838,0.6040321730466295,-0.47695808140002155,14.543720781803103,0.181985160420433,0.3227015220480652,3.707984741070974,-0.08642926962407296,0.2603289962006301,0.0773804080745182,0.42439892506576266,0.393244285643477,0.48138111702789554,0.44103546143580186,1.1836354595247442,5.70148028902835,4.707984741070974,-0.24176060487130116,6.106164039624082
1401,0.026465432718396,0.05753500387072599,0.490472942590714,0.030440948903561003,0.10411517322063399,687.804878,7,Alarm,GN11542,2020-06-20,2020-08-13,61,115,0.8831248334873958,5.244137592915884,0.460031993687153,0.432937938719988,5.244137592915884,0.058163626119494986,0.07308130152523556,0.6373897377773208,0.7858701535402355,0.7900212789167121,0.6497906014197303,0.735785674663631,-1.2912620637318497,28.68568181991578,0.44047839203027733,0.45202894308520053,7.52477465184057,0.0036552822808753587,0.7753474105040012,0.4087966722154236,0.6759120394774245,0.61965838166846,0.6756096467316981,0.6114874005069757,1.7340194535666618,15.863147644856863,8.52477465184057,0.23407669631648473,16.11227508526642
1402,0.030922534875572002,0.058711050078273,0.46921129524707794,0.03723606094718,0.103008322417736,694.3089431,7,Felgen,SW21074,2020-06-21,2020-08-13,62,115,0.8529518991786488,5.567741851073169,0.4319752342998979,0.41050024516880496,5.567741851073169,0.04926350433379399,0.05584406908601501,0.6070041980861745,0.7445413199355516,0.777576946313609,0.6399692732028119,0.7502993707137193,-1.095134076389676,26.777513623237596,0.3302595788028416,0.4415638703432997,6.991873669803725,-0.05090801979497319,0.7106702346947346,0.36227418861288363,0.6438119663804663,0.5990242069874591,0.6481760791530314,0.5967246855088855,1.6637954501115588,12.319284709381714,7.991873669803725,0.1150830787389823,12.600991708351275
1403,0.032981269061565,0.062027711421251,0.403492256999016,0.04776133038103599,0.104000624269247,689.4308943,7,Arabella,CHD132/05,2020-06-20,2020-08-14,61,116,0.7883171160662232,5.325309263752136,0.35573092661798,0.34146454557776496,5.325309263752136,0.043312823399901015,0.03847467228770163,0.5295552645069741,0.6330095529777525,0.7335121342625072,0.5901395739410508,0.7486068257478702,-0.7867123055974183,21.9145108386874,0.18574137136320382,0.42056492793478983,5.5050321502072626,-0.09138217162711006,0.5463557431832786,0.2428580640894683,0.5609402130052452,0.5304880635505416,0.5819694705477473,0.5458891207584052,1.4832000097035614,8.104045770964671,6.5050321502072626,-0.08412277723370284,8.448095012848002
1404,0.029660808853805,0.059900537133217004,0.44779109954834,0.038850704208016,0.10066260397434199,647.1544715,7,Bjarne,,2020-06-19,2020-08-08,60,110,0.8403314145717447,5.61588459319782,0.408940395340324,0.387890562415123,5.61588459319782,0.05128956120461302,0.056799112446607625,0.5862128119478991,0.7133802337777052,0.7640278751694748,0.6329221470188179,0.753181585316993,-1.014469380848092,25.37841703742748,0.304670736125893,0.43428565054134843,6.475577365065458,-0.045727033178052344,0.6753887444805975,0.32798198863669825,0.6217155918947493,0.577394733113729,0.6324063692832423,0.5809426703963945,1.6119853413877072,11.231393679635273,7.475577365065458,0.07088866340506009,11.525945505408574
1405,0.030564779415727,0.05793809518218,0.41021853685379,0.043031126260757,0.096713654696941,666.6666667,7,Tjalve,,2020-06-20,2020-08-09,61,111,0.8101217507143209,5.839979808878287,0.367187410593033,0.35228044167161,5.839979808878287,0.042280284687876,0.03997480310499619,0.5454049027189672,0.6530545658741284,0.7524841421973985,0.6184355371037334,0.7633859189170404,-0.8521769970764927,22.6275233924389,0.21173335789894815,0.4187418191830898,6.080290361012088,-0.08263913695728942,0.5927211201467836,0.26412124633708417,0.577793139826544,0.5458007981582288,0.5987568076730394,0.56081624185007,1.513642413313713,9.209185615708465,7.080290361012088,-0.023904834506350774,9.533065306447627
1406,0.028184979222714998,0.057411855086684005,0.48270040750503496,0.03638487495482,0.105941005051136,658.5365854,7,Avle,,2020-06-20,2020-08-11,61,113,0.8598115716847204,5.416623983136948,0.44631553255021494,0.42528855241835095,5.416623983136948,0.05025385599583301,0.056726886145769026,0.6194733727201706,0.7632407111126751,0.7874076962770878,0.6400490934163535,0.7444062332892742,-1.1782400472212875,27.620011158287458,0.32047582741600283,0.46503749617360324,7.4076782883295405,-0.0399010918633044,0.7298666621703748,0.38332224044706037,0.6569354992639638,0.6133307447389819,0.6572304599703933,0.6074576537825397,1.6950879854770788,12.991962647490686,8.40767828832954,0.14039545957442973,13.266512750268237
1407,0.032470140606165,0.061676576733589006,0.326510697603226,0.046054244041443,0.10401561483740801,700.8130081,8,Willy,GN10521,2020-06-20,2020-08-13,61,115,0.7527719927798957,3.8386787563917832,0.280456453561783,0.264834120869637,3.8386787563917832,0.04482876881957,0.04202940389513882,0.4594777072238496,0.5207293312689519,0.682232876701287,0.5167978735248573,0.6865264362670899,-0.5875447495412905,17.45228052139282,0.2075762889345833,0.34741636224368716,4.293917316675725,-0.08345558436738744,0.39665669700804135,0.13917200860524176,0.48212420676647827,0.4472606090884065,0.5266145621521319,0.48310884485603484,1.3034401798515574,6.714132468792528,5.293917316675725,-0.170295671711301,7.089698341577545
1408,0.03420932963490499,0.06009009480476401,0.30303826928138694,0.054107014089823005,0.09375110268592801,598.3739837,8,Polkka,,2020-06-21,2020-08-07,62,109,0.6970027794902435,5.279151924204437,0.24893125519156395,0.24294817447662292,5.279151924204437,0.03186384588480002,0.01620412096381183,0.41654024627941433,0.46459535679783437,0.6690421308399481,0.5274515432653744,0.7567423815025942,-0.48688851551768664,15.175198540091476,0.07479993531907926,0.3699260458369828,4.04306525503038,-0.13537994358262267,0.25849927104739134,0.08760540813824368,0.43562846349541934,0.4222109675433636,0.48135652242404703,0.4644140734005645,1.2226603788259711,5.178170674893847,5.04306525503038,-0.2819920625671678,5.600720615968816
1409,0.030641249381006,0.057800598442554,0.309029772877693,0.046584313735366,0.09563816338777499,678.0487805,8,Mirakel,GN06600,2020-06-20,2020-08-11,61,113,0.738006364263888,4.350150110582372,0.26244545914232703,0.25122917443513904,4.350150110582372,0.038375633768736,0.030958192981777613,0.4400981925879673,0.49128612026148993,0.6848647060791299,0.527325222401436,0.7145266598444685,-0.546631329669028,16.19537893682714,0.15209828589714935,0.35221724049450054,4.346480507201442,-0.10073790937351695,0.34426948256639783,0.11427268525062532,0.4601001723473519,0.43473760740379636,0.5089959059618913,0.47686919378917714,1.2580064175675068,6.245515865622179,5.346480507201442,-0.20237301163251062,6.633773218882539
1410,0.030846098437905,0.056550554931164,0.29233977198600797,0.047501217573881004,0.09425087273120901,559.3495935,8,Bastian,,2020-06-18,2020-08-07,59,109,0.7204503339317753,4.237226961100879,0.24483855441212696,0.23578921705484396,4.237226961100879,0.03475379385054201,0.024802644178272597,0.4199928788510467,0.4616168392940561,0.67582618050291,0.5123996194985444,0.7112212950227701,-0.5000733244986854,15.052286759018937,0.1236152453016616,0.3452565095446064,4.169529677327795,-0.11385186888376066,0.2855012881050295,0.08996089614851818,0.4372944833410055,0.4166425442338391,0.4898328859097926,0.4633399469061268,1.213027548892499,5.751267824487093,5.169529677327795,-0.2380555679755838,6.15436375986189
1411,0.031624488532543,0.058849398046732004,0.306536972522736,0.046078007668257,0.09764746204018598,665.0406504,8,Zebra,,2020-06-20,2020-08-15,61,117,0.7386497440165534,4.050644185141034,0.260458964854479,0.24768757447600398,4.050644185141034,0.039996299892664,0.03433648720383621,0.43862050535352015,0.48834418336813556,0.6778785264758886,0.516817305714505,0.699678446924261,-0.5394246229609239,16.138393506407738,0.17422758696884974,0.339505133534515,4.208837858958499,-0.09648399932624925,0.3419445036120102,0.11222741347491112,0.45822376612970245,0.42932425833043747,0.5080986216154584,0.47143890353975987,1.2530962258222087,6.264857100184747,5.208837858958499,-0.20101613058067763,6.652565682302891
1412,0.030534790828823998,0.058716353029013,0.29279229044914196,0.050300581380725,0.09902634471654902,570.7317073,8,Runar,,2020-06-19,2020-08-09,60,111,0.7067815421961429,3.9766631134567136,0.24249170906841697,0.23407593742012894,3.9766631134567136,0.03659733384847701,0.024892872944474998,0.41399114012881255,0.4560894933222307,0.6659180130080526,0.49452968374169803,0.6996924144412056,-0.4896756353907459,14.886133410036537,0.10723167416562034,0.3632710037774273,3.986554432365155,-0.11156117199403637,0.2604373236205295,0.08354997538085808,0.43143237922669375,0.41234332595380296,0.4820018780755483,0.45761873314292423,1.2067228677907667,5.406370045388163,4.986554432365155,-0.2641543404461051,5.820853008298209
1501,0.025320034474133998,0.054784476757050005,0.493215411901474,0.027958240360022,0.102278284728527,645.5284553,1,Mirakel,GN06600,2020-06-20,2020-08-09,61,111,0.8927104613262602,5.260184254392298,0.465257171541452,0.438430935144424,5.260184254392298,0.056290678679944,0.07193361893296321,0.6444687302283336,0.7946854887033733,0.8000566135472778,0.6564924689972808,0.7353923779743312,-1.3455539002838086,28.98847974836824,0.4671714235964412,0.451100102152719,8.002831478864202,0.009249171374737351,0.7938332494059968,0.4187585073716823,0.6834153581681597,0.6275252601013595,0.6830228532721407,0.6192528306397572,1.7498668549579217,17.403058920740524,9.002831478864202,0.2764410095576748,17.641146422316755
1502,0.025831108912825997,0.05232376232743299,0.47773739695548995,0.028131760656834,0.095184236764908,637.398374,1,Zombi,GN11644,2020-06-21,2020-08-08,62,110,0.8887785102787668,5.70528013870792,0.44960563629865596,0.4254136346280569,5.70528013870792,0.05068465508520599,0.06362395249307139,0.6321390888423658,0.7754563502613436,0.8025746221503284,0.6677233633269969,0.751282074898013,-1.2703789120725686,27.944018244743315,0.4428789229475173,0.4367033401307558,8.130409888453595,-0.010334172928835374,0.7805333436566555,0.3968348304773078,0.6704733407363409,0.6194976348650141,0.6752161909869102,0.616486856136238,1.7172330158619036,16.739473257293913,9.130409888453595,0.258768850050777,16.982136410983365
1503,0.029146170243621004,0.057549532502889994,0.4536141753196721,0.035646807402372,0.10433589667081801,497.5609756,1,Avle,,2020-06-20,2020-08-09,61,111,0.8542830568501577,5.0849164309607975,0.41796736791730005,0.3960646428167821,5.0849164309607975,0.050306087359786984,0.057950089499356185,0.5975470196796279,0.728121149613418,0.7748293487108562,0.6260027486022214,0.7327814166306508,-1.067481841198242,25.954151079058725,0.34196201534240933,0.4287351856641694,6.882152218993138,-0.04026551167204515,0.7046815008940243,0.34417881423111885,0.6337569790237108,0.5875378631858736,0.6437586410397874,0.590116298304811,1.6362204918307512,12.444911541047277,7.882152218993138,0.11992128129544048,12.725239884722125
1504,0.026368739083409,0.055027188733219996,0.492448106408119,0.031330700963736,0.103410217911005,531.7073171,1,Caress,SW01074,2020-06-20,2020-08-11,61,113,0.8803666718745538,5.397343170067597,0.46111740544438296,0.437420917674899,5.397343170067597,0.05235493741929499,0.0635191448032846,0.6371439363083515,0.7862820385278647,0.7989783677124138,0.6529033372851847,0.7416265950810765,-1.290486280070992,28.614903837442338,0.39501289028307673,0.46126395303878054,7.949177992638889,-0.015929600610779526,0.7711716542367797,0.409339602878357,0.6756108870256631,0.6263931756250296,0.6743663308559027,0.6182843707461351,1.7344597278059761,15.465514711544625,8.949177992638889,0.2223269740438705,15.717749404269872
1505,0.028422584757209,0.05682106502354099,0.44838783144950894,0.035327475517988,0.10445100441575099,692.6829268,1,,SW11230,2020-06-19,2020-08-11,60,113,0.8539327781894577,4.975683859289895,0.41306035593152096,0.39156676642596794,4.975683859289895,0.049892069771884984,0.057254669070242764,0.5939072127029018,0.722028001062744,0.775059127342299,0.6221285566804564,0.7285451180355416,-1.0572354114346896,25.643364936113375,0.3372815557023246,0.4265396563082644,6.8912253979002625,-0.03906031736271865,0.7010947914258777,0.33757917637406504,0.6298474055540476,0.5843065572735896,0.6416817364145383,0.5886372964974796,1.626001278995259,12.411634285201622,7.8912253979002625,0.1186447738187888,12.69232587030453
1506,0.027577171102166,0.05499080941081,0.448616713285446,0.033891869708896,0.100534215569496,583.7398374,1,Bjarne,,2020-06-18,2020-08-06,59,108,0.8595180649489361,5.223142931433658,0.41472484357655,0.39362590387463603,5.223142931433658,0.048512578010558,0.056054769828913595,0.5970456389901583,0.7255438702249281,0.7816124385259553,0.6338557934186722,0.7374548822965454,-1.0782567529646307,25.727448202669564,0.34416058824400275,0.42567706957658547,7.158030734445921,-0.037784814675726794,0.7117411095924071,0.34149225300699143,0.6331621688931417,0.5883164907191032,0.6454775150921246,0.5931607017884953,1.6318582552164829,12.961846896706211,8.158030734445921,0.13929280480776593,13.236705945664964
1507,0.025172437541187,0.05632989667356,0.378082886338234,0.031351760029793,0.11043696105480198,517.0731707,2,Runar,,2020-06-18,2020-08-04,59,106,0.846853409656925,3.384273186569947,0.346731126308441,0.321752989664674,3.384273186569947,0.056135595776139996,0.06857302840798978,0.5418767724755225,0.633370768007448,0.7406618825393513,0.5478711391394072,0.6469492038313447,-0.8678510508667289,21.802993044257143,0.3995912439566216,0.3564395577742632,5.711939993948146,-0.0011484591205444675,0.6402519493174125,0.24824670528058582,0.5718901204608281,0.5165056528244428,0.6089041622598211,0.5412955421893912,1.4776567016155742,11.771419634313155,6.711939993948146,0.09335633402217433,12.059383140817255
1508,0.029568621888757002,0.057879406958818,0.344218969345093,0.038528177887201004,0.107147119939327,598.3739837,2,Zebra,,2020-06-20,2020-08-13,61,115,0.7986755581808804,3.454903883911175,0.305690791457892,0.286339562386275,3.454903883911175,0.04766201414167799,0.05160197205841459,0.4941131080009789,0.565699785061717,0.7121132022922072,0.5252318573192137,0.6576285601070837,-0.6892908841287859,19.115496650338198,0.2895201872594958,0.3394502074890968,4.947175125515877,-0.05557291731199397,0.5092416886080264,0.18254956729296704,0.5194422758821725,0.47612251042863385,0.5632287392328887,0.5094118297745431,1.3701234946473386,8.59965524013756,5.947175125515877,-0.05628892037091715,8.934213560601368
1509,0.029279423877597,0.057937759906054,0.3667119741439821,0.039857115596533,0.103143200278282,656.9105691,2,Felgen,SW21074,2020-06-22,2020-08-11,63,113,0.8039343540751166,4.164719230003344,0.3268548585474491,0.3087742142379281,4.164719230003344,0.046738980337978,0.04887677840888582,0.5126108168802694,0.5970468641815254,0.7271268282521649,0.5609574784182921,0.6977652784394861,-0.7482760009081936,20.334517285227786,0.263891485507283,0.36910195643592203,5.329412368351919,-0.060529997943269284,0.5427520100782651,0.2104753264858603,0.5408107262530932,0.5009046175011702,0.5769020309546828,0.5281353881732926,1.4212061892964865,8.87098682300056,6.329412368351919,-0.04163058163427327,9.200665142358691
1510,0.026189018972218,0.051847273483872004,0.322440713644028,0.036515207961202,0.10376763343810999,619.5121951,2,Rabagast,GN07501,2020-06-21,2020-08-07,62,109,0.7965476775092155,3.25152704389825,0.285925505682826,0.27059344016015596,3.25152704389825,0.04099032003432401,0.041716302372513225,0.4772350547605478,0.5359080469244064,0.7229551828167277,0.5130661604892872,0.6441123048574219,-0.6539516744066232,17.768812961876357,0.24660144236560336,0.33504906937165513,5.219048601356612,-0.06524659524232257,0.48014848322168086,0.15797323855021067,0.4993134661936156,0.464252244358993,0.550962988915135,0.5064561560044587,1.3215275714371537,8.49379211686229,6.219048601356612,-0.062117239137622876,8.830312947597792
1511,0.023484379053116004,0.045059990137815004,0.26833924651145896,0.031391091644763995,0.08717662841081598,640.6504065,2,Betong,GN13618,2020-06-20,2020-08-09,61,111,0.790537775802978,3.247483641869134,0.23694815486669496,0.22327925637364396,3.247483641869134,0.03524450957775001,0.03635697141289542,0.43280072473245307,0.45755467968262575,0.712443523350111,0.509576733079078,0.6445950448876177,-0.5404148266901121,14.76364523172374,0.2580658751379593,0.27960976843428825,4.955155464764843,-0.06769509315059986,0.392804846724175,0.1009655086662106,0.44442759683153676,0.41175215007593885,0.5154068270042613,0.47165106972714504,1.1954324117320017,8.20623349824142,5.955155464764843,-0.07826819610419283,8.548261065531236
1512,0.032977521419525,0.05970314145088201,0.264294773340225,0.048334289342165,0.10281118005514098,591.8699187,2,Seniorita,GN07574,2020-06-21,2020-08-11,62,113,0.690788252842191,2.9642586273122205,0.21596048399806,0.20459163188934298,2.9642586273122205,0.038094472140074005,0.03012960851192501,0.3862421072643088,0.41200829769267255,0.6314597179467976,0.43988279621052434,0.636783839911381,-0.42410309451876443,13.41238312423228,0.15146370683905278,0.3112742900942453,3.426815187901985,-0.10765680819507711,0.182064160377174,0.052211075541549815,0.3986329567488036,0.3724371655865343,0.4569344144272121,0.422711804404456,1.1384286406954116,5.040414585774849,4.426815187901985,-0.29298700402583183,5.468059568834175
1601,0.02613836620003,0.053927106782794006,0.436765283346176,0.029402555897832,0.104233331978321,557.7235772,3,Bastian,,2020-06-17,2020-08-02,58,104,0.8738542069074753,4.4437859499169035,0.407362727448344,0.382838176563382,4.4437859499169035,0.05231329146772601,0.06507681999355522,0.5966369357641536,0.7200391334231129,0.7801999465750011,0.6146632208446571,0.7033933303587544,-1.088404508649998,25.42274568229912,0.42881613801643326,0.3996960590750554,7.099178862039942,-0.009876764742813512,0.7329061407014665,0.3360917868294417,0.6324409345384921,0.5796524436513691,0.6505647558331418,0.5883550850925149,1.6229238206020815,14.595211774572796,8.099178862039942,0.19532226746825426,14.854670623324312
1602,0.025656776502727997,0.05223762802779701,0.434414803981781,0.029216263443232002,0.100486807525158,679.6747967,3,Willy,GN10521,2020-06-19,2020-08-12,60,114,0.8739676199634425,4.685357755551443,0.405198540538549,0.382177175953984,4.685357755551443,0.04960221610963402,0.06093707531690621,0.5950885682712583,0.7173272496373189,0.7853185370425976,0.6242792866446452,0.7143048236395284,-1.0853819956872188,25.23276701569554,0.41259058999096476,0.4006624916883029,7.316128055252001,-0.016538689049660684,0.7318778483645162,0.3332485193122156,0.6307370438273261,0.5810209809784475,0.649740786987446,0.5910086424113584,1.618362155341046,14.609603463577795,8.316128055252001,0.19578390688810063,14.868937803284147
1603,0.028718493878841,0.05513745173811901,0.43611426651477797,0.031884241849184,0.098718628287315,648.7804878,3,Tjalve,,2020-06-21,2020-08-07,62,109,0.863742121911262,5.048234243008907,0.404230024665594,0.38097681477665896,5.048234243008907,0.04967216774821302,0.06017168089747442,0.5908895829551422,0.7135545841627876,0.7755226101428752,0.6308430941823638,0.7303604608126019,-1.0412075022975082,25.18392987549304,0.3988324826975162,0.39731380815981243,6.90958328263242,-0.0319836112867461,0.7128579171462497,0.3288654329752211,0.6263904662654797,0.5765086825495833,0.643679912104694,0.5849916462388762,1.6117484557850328,13.407662082251203,7.90958328263242,0.1553358627745775,13.678050385442653
1604,0.026668660342693,0.052153203636408,0.448437213897705,0.029660627245903,0.09698112308978998,723.5772358,3,,GN10637,2020-06-21,2020-08-14,62,116,0.8759223544078136,5.220640258249508,0.418776586651802,0.396284010261297,5.220640258249508,0.04797711968422,0.058605445176363805,0.6056531794277267,0.7348306961569528,0.791633232240791,0.6443789417662594,0.7356576054071663,-1.126298787316452,26.026298254728317,0.407879351363065,0.41153104336933954,7.598459588868906,-0.02599723527072179,0.742927117808842,0.3518996266290973,0.6422311281693888,0.5940752629401229,0.6562889883803159,0.5998936704843024,1.647916649442459,14.861757721863379,8.598459588868906,0.20378802609379054,15.11893899545389
1605,0.024955497123301,0.054744880646467,0.43430857360363,0.029658590443432005,0.10070703178644198,656.9105691,3,PS-1,,2020-06-20,2020-08-12,61,114,0.8721522006655471,4.69540971640202,0.404649983160198,0.379563692957163,4.69540971640202,0.054875673726201,0.0680985277518632,0.5940676504510604,0.7161815597573029,0.7761190308719463,0.6235360958751177,0.7149395431202166,-1.0868231219001923,25.28245059773328,0.4219873030009435,0.4039073866747714,6.933318485217273,0.0007970140898148079,0.7282550208993047,0.33196967884896506,0.6296635376997798,0.5756468843915254,0.6485116629144891,0.5847957367328137,1.6163622277530425,14.382279253662572,7.933318485217273,0.18843030465768423,14.643601301012238
1606,0.030067231506108995,0.05966447293758401,0.437636807560921,0.035723451524973,0.105691879987717,665.0406504,3,Eleven,SW11011,2020-06-19,2020-08-11,60,113,0.8490644246563557,4.744210136861289,0.401913356035948,0.377972334623337,4.744210136861289,0.05353826284408602,0.06318990364670782,0.5841663567892003,0.7069391017864022,0.7600469764414236,0.6109468084058948,0.7195529463540591,-1.0025695782221153,25.072442218661322,0.3665151168646277,0.4069234189569879,6.33496477910297,-0.0330932496445338,0.6856013938601594,0.32135300088265,0.6193698873838261,0.5684927042825104,0.6345730573876155,0.5750366625433596,1.60079944362088,11.964980282947044,7.33496477910297,0.1011513310442374,12.250686562438812
1607,0.031132450327277003,0.06034662202000599,0.4071298539638521,0.039363913238049,0.102324441075325,704.0650407,4,Arabella,CHD132/05,2020-06-19,2020-08-14,60,116,0.8236754188765688,4.841214382387467,0.3677659407258031,0.3467832319438461,4.841214382387467,0.050196880474685984,0.055434023961423384,0.5503814725041726,0.6569490216318672,0.7418196417563062,0.5982978568569876,0.7263757581512154,-0.8652933463542787,22.905264794826465,0.3059681354930912,0.3907108175414252,5.746522677423124,-0.05308730779065959,0.6161839321699846,0.26887136253377625,0.5828341719772041,0.5376614944428354,0.6063804124855486,0.5526633192106585,1.5187048221604857,10.031773657488534,6.746522677423124,0.016847207888194757,10.342717999142474
1608,0.030034055933356,0.058159980922937005,0.415889024734497,0.037879470735788,0.10084183514118199,695.9349593,4,Alarm,GN11542,2020-06-20,2020-08-13,61,115,0.8330449508332226,5.003738226297056,0.378009553998709,0.35772904381156,5.003738226297056,0.04840643517673001,0.05353515706956382,0.5611585785901726,0.6725230032984509,0.754624605351601,0.609693002792813,0.7318848787007112,-0.9116192220346888,23.491793647408503,0.3072553382079678,0.3992009038425213,6.150776498457888,-0.05294122053934794,0.6406857852116588,0.285050668032024,0.5944989100509969,0.550889701237533,0.6158829538962708,0.5641977837984892,1.5439697840704998,10.677476504254546,7.150776498457888,0.04667808824895525,10.979272324984489
1609,0.032361403107642996,0.060117594897747005,0.379777103662491,0.041614886373281,0.09070202708244302,653.6585366,4,Demonstrant,NK01568 ,2020-06-20,2020-08-11,61,113,0.8024884793384502,5.889018435455393,0.33816221728921003,0.319659508764744,5.889018435455393,0.04625890031457002,0.04811565428972362,0.5209330892947162,0.6124958969320163,0.7266727919453904,0.6144269908897775,0.7656521018174547,-0.7598312657446088,21.02984137833124,0.26672078644774455,0.3711510830431549,5.317237146769551,-0.0713587818537345,0.5521561881031045,0.22442902274707305,0.5505184887857794,0.5101521094667453,0.581642373965977,0.5328593660386309,1.4470109022449635,8.794967234555711,6.317237146769551,-0.045697416041528285,9.125991604444904
1610,0.028728911653160997,0.055377710610627996,0.371593028306961,0.036387026309967006,0.09377531707286801,678.0487805,4,Krabat,GN03509,2020-06-20,2020-08-10,61,112,0.8216235039032361,4.84101734937347,0.335206001996994,0.316215317696333,4.84101734937347,0.045639483258128,0.05007535703480219,0.5247981801513467,0.6122407610418381,0.7406018466229526,0.596984547815217,0.7265913705963368,-0.7889457605431772,20.871987491846077,0.3012681157118456,0.35972518314755875,5.710155118540518,-0.055371308879750135,0.5828811948990117,0.2261655659991843,0.5537665727774422,0.5116914230737855,0.5901721359266259,0.5387241590261449,1.4444179140697229,9.899315071311808,6.710155118540518,0.010500544755293698,10.212239525744799
1611,0.025703240185976,0.05284121632576,0.382421284914017,0.031861659139395,0.095063544809818,567.4796748,4,Reno,,2020-06-19,2020-08-05,60,107,0.8461840652784046,4.546664028391096,0.350559625774622,0.329580068588257,4.546664028391096,0.04811753332614899,0.056352426856756,0.5446448101840738,0.6385630992291834,0.7571983978622092,0.6018154341581896,0.711211022344394,-0.8750663634643759,21.87275983393192,0.3555879131640783,0.36410225049343703,6.237177936185911,-0.028935743956168797,0.64222030328325,0.25302259575480845,0.575138628672935,0.5285896764032045,0.6104301536456875,0.5536718135307154,1.4863680242766304,11.713909598257105,7.237177936185911,0.09101461657977165,12.002554017696346
1612,0.026087328791617997,0.055552698671818,0.34718659520149203,0.035020250827074,0.102335698902607,578.8617886,4,Polkka,,2020-06-21,2020-08-04,62,106,0.8167471295139669,3.6373656166433577,0.31216634437441804,0.29163389652967403,3.6373656166433577,0.04999781772494401,0.056522165238858404,0.5049365957213583,0.5783244022007059,0.7241257581918825,0.5446913301305211,0.6669032684016387,-0.7372221091963495,19.551278576254845,0.3184035079378236,0.3445265583485391,5.249680096596649,-0.03225587899853297,0.5497489731414638,0.19567645949246124,0.5307706675249095,0.48458159267397816,0.5757329452051434,0.5182397954164008,1.388771426107912,9.596282595961588,6.249680096596649,-0.004324577275773329,9.913880883259797
1701,0.02465858310461,0.053010530769825,0.3657372891902921,0.028840875253081,0.11196708679199198,468.2926829,5,Mirakel,GN06600,2020-06-20,2020-08-06,61,108,0.8538141344249676,3.052830120611373,0.3368964139372111,0.3127267584204671,3.052830120611373,0.052521603181959,0.06515490859747061,0.5363272508988104,0.620812440053331,0.7468140573251276,0.5312285487786935,0.6221828936299688,-0.8488216643311984,21.180571056902426,0.4225994501315675,0.33681560114374615,5.899332715198533,-0.003064982412172701,0.6452638096840687,0.2375237429470842,0.5648971112773065,0.5105755109721662,0.6074822911128355,0.5403506460586199,1.4563232999533646,12.40039869861555,6.899332715198533,0.1182129551010131,12.681213242695236
1702,0.027494790032506,0.05731794424355,0.37989541888237,0.033001130446792,0.116311870515347,437.398374,5,Demonstrant,NK01568 ,2020-06-21,2020-08-08,62,110,0.8401481896595682,3.163860363623281,0.346894288435578,0.32257747463881997,3.163860363623281,0.054139968007802006,0.06525632962584321,0.5398542473968274,0.6322530402988277,0.73780332863686,0.5311964455156506,0.6322651789928796,-0.8466434152281109,21.786329858005,0.3870607350198454,0.35334834620339745,5.627861900771497,-0.018146196596174877,0.6277822969152819,0.2465285080754052,0.5699894835134799,0.5162818105200445,0.6055094743401348,0.5401377372910623,1.4761936387323353,11.216852596185722,6.627861900771497,0.07026854764669638,11.511588049836005
1703,0.028449213132262,0.057530103251338,0.36176835000515,0.034554796293377994,0.101796474307775,487.804878,5,Alarm,GN11542,2020-06-20,2020-08-09,61,111,0.8256231228677732,3.866231232981914,0.327213553711772,0.304238246753812,3.866231232981914,0.052056197077035994,0.061209585517644806,0.5197644428586617,0.6016874940071351,0.7255887647353356,0.5608101867580088,0.6792568803185334,-0.7725102228271948,20.551825501024723,0.3610443801775911,0.33937216136319864,5.28833131803455,-0.03074119157386259,0.5822455522846136,0.21712586995226113,0.5475930556904153,0.49641916454241264,0.5881717413501006,0.5251839445514774,1.426522253144403,10.160353369895553,6.28833131803455,0.022932296024636655,10.469410582937758
1704,0.026621034368872996,0.05317810177802999,0.364333897829056,0.032368209213018,0.09822215884923899,416.2601626,5,Bastian,,2020-06-18,2020-07-31,59,102,0.8368135251190636,4.040938173789507,0.33196568861603803,0.311155796051026,4.040938173789507,0.04736695997416899,0.055229568853973766,0.5270610762609625,0.6105743668829199,0.7452619238341649,0.5753070036328507,0.6874972575891323,-0.8061073600010416,20.750337019562757,0.35315731648480253,0.34432699072863965,5.8512016346468565,-0.03514546003200592,0.6079132789650137,0.2263641484392737,0.5553109879117223,0.5086949209126554,0.5963075842839392,0.5387867200382379,1.4403247539451327,10.957853649583107,6.8512016346468565,0.05908555366756025,11.255917663882574
1705,0.025614360347389998,0.058350302278996,0.387566089630127,0.031702261418104,0.114860877394676,507.3170732,5,Betong,GN13618,2020-06-20,2020-08-08,61,110,0.8487734104477774,3.2793380341043594,0.355863828212023,0.329215787351131,3.2793380341043594,0.059383982792498,0.0733511190861484,0.5495887145188852,0.6464153489565005,0.7382903910341663,0.5427758264058078,0.6394825989181988,-0.8943502754144105,22.417751327157056,0.41354413182924243,0.3627745741266634,5.642057958449288,0.005940104524942046,0.6514506342977325,0.2606764640992272,0.580674556792207,0.5220584876746058,0.6143332836466204,0.5433353375930909,1.499367955624793,11.9391834032343,6.642057958449288,0.10012007724153496,12.22518748800684
1706,0.027740544639528,0.060591943562031,0.387902200222015,0.033883599564433,0.11658098548650699,479.6747967,5,Eleven,SW11011,2020-06-20,2020-08-10,61,112,0.8393326679959904,3.2808922762223087,0.354018600657582,0.327310256659984,3.2808922762223087,0.059559742920101,0.0727146470919258,0.5451049225700823,0.641915200261192,0.7297982843173686,0.5378201343905062,0.6407711207936392,-0.8647647570147635,22.30944979935884,0.4002149487247895,0.3610384661625821,5.401877500841348,-0.005646363753449442,0.6324026680364012,0.2555364030545018,0.5760860073016933,0.5176261637539002,0.6085033371174221,0.5379020652927534,1.4923734285232972,11.152529403966254,6.401877500841348,0.06751565399585636,11.448081231286563
1707,0.029068314470351003,0.062415726482868,0.37562943994998904,0.036048255860806,0.11492457985878,515.4471545,6,Willy,GN10521,2020-06-20,2020-08-09,61,111,0.8248714650920821,3.3052359298324476,0.33958118408918303,0.313213713467121,3.3052359298324476,0.059714882634579,0.0716630509123186,0.5292549752598916,0.6190044977375523,0.7150260691556563,0.5314498496879888,0.6442820150514746,-0.8019033245097205,21.42956987023346,0.3799584531731001,0.35216791721385693,5.018185818170243,-0.014218857355875298,0.5930101679542176,0.2327029810479969,0.5587191377768301,0.5008506914302299,0.5940081038277419,0.5237291947953328,1.455345804945921,10.110397094872402,6.018185818170243,0.020576870600669338,10.42018347296513
1708,0.035947769880295,0.075301609933376,0.38021385669708296,0.047960210591555,0.121898252516985,484.5528455,6,Bjarne,,2020-06-19,2020-08-02,60,104,0.7759779759887964,3.493676562879789,0.332253646105528,0.304912246763707,3.493676562879789,0.06669523939490199,0.074852554500101,0.5077612744389488,0.5988857511862032,0.6693784714253618,0.5144580252892667,0.662980189139665,-0.7056280904071469,21.028874740004518,0.3131385972814293,0.3701642539900343,4.04921285260012,-0.03669918761256431,0.5017710761904026,0.2092401174119391,0.5369472028174093,0.478661399127771,0.5648899952987545,0.49537706734308457,1.4283597364519487,7.572531581122968,5.04921285260012,-0.11559246808638712,7.927693644531918
1709,0.031720168888568996,0.064244128763676,0.343377113342285,0.041415704414248,0.09949306398630099,580.4878049,6,Felgen,SW21074,2020-06-21,2020-08-10,62,112,0.7847376432038674,4.199296441041059,0.30196140892803697,0.279132984578609,4.199296441041059,0.055352384224535,0.061614526808263785,0.4867858711802418,0.557819136639584,0.6847851773780929,0.5506897096280093,0.701750087302675,-0.6604474045703868,19.03082150965934,0.3087439545315135,0.3360509971712521,4.3448792901435125,-0.04410059699962527,0.48010566730581355,0.17402412966934067,0.5119188405490548,0.46131520224934547,0.5542683366706627,0.491759229346286,1.3590926063298334,7.943694462792647,5.3448792901435125,-0.0934346393503959,8.290988121504821
1710,0.03877950459718701,0.07372548431158099,0.35409986972808793,0.053257990628480995,0.10483130812645,479.6747967,6,Caress,SW01074,2020-06-20,2020-08-09,61,111,0.7385198823370529,4.833285382726335,0.3008418790996069,0.28037438541650694,4.833285382726335,0.05541347339749398,0.05457777082920157,0.47135730518864305,0.5477827074171211,0.6553477552677021,0.5431502012283107,0.7354577909392324,-0.5986691674983159,18.869212493300417,0.23204730584730804,0.3625192927303583,3.8029507440273944,-0.07646301880179884,0.4037551840808336,0.15942523287233185,0.4973372010819142,0.4532766606276416,0.5302506585711811,0.47696885391164345,1.3507045237254993,6.26094572887562,4.802950744027394,-0.20129029823967223,6.648765106408737
1711,0.031217965297401003,0.06578955054283099,0.359743177890778,0.041563678532839,0.10979610681533801,530.0813008,6,,GN10637,2020-06-21,2020-08-13,62,115,0.7928583682658806,3.6631712715924123,0.318179499357939,0.293953627347947,3.6631712715924123,0.05879745725542197,0.06639785785227838,0.5022661432712644,0.5826517341494003,0.6907897036028082,0.5323240870716099,0.6713987117723125,-0.7078371702362453,20.05980484187602,0.3181951543577195,0.3528723852062894,4.468089915838143,-0.03421446369402491,0.5138149219098664,0.196395485017145,0.5295302544692841,0.4764071841826279,0.5668548240889644,0.5020276631407413,1.3988630047700366,8.315322064846395,5.468089915838143,-0.07208544209158675,8.655229531874781
1712,0.038725696504115996,0.07209344953298599,0.34510341286659196,0.06160749495029401,0.109359413385391,453.6585366,7,Polkka,,2020-06-21,2020-08-04,62,106,0.6970452782740136,4.936848763502922,0.28349591791629797,0.27300996333360594,4.936848763502922,0.04385370761156198,0.029696664214136366,0.4445328907893238,0.5154172649736123,0.6543912189639759,0.5187310949619662,0.7441856521091722,-0.5389720662354347,17.429193258285554,0.11040723563040791,0.4051481144253839,3.7868900032130055,-0.11549047712735934,0.318138585726169,0.1266825574731222,0.4689960970011036,0.4464853313268348,0.5002478583099734,0.47299280560643175,1.3065299530835994,5.179131555740299,4.7868900032130055,-0.28191597651900857,5.6016465714930845
1801,0.026624582707882,0.06069983169436499,0.363079369068146,0.031992994248867,0.116301752626896,419.5121951,7,Seniorita,GN07574,2020-06-21,2020-08-08,62,110,0.8380398265256775,2.9270697515759,0.331086374819279,0.302379537373781,2.9270697515759,0.06278208643198098,0.07869172617793219,0.5267481068960419,0.6095474582975027,0.7135308595365366,0.5147837602963377,0.614271236285409,-0.8047304480311104,21.01345598697666,0.4345028116342939,0.33304134322701634,4.981554790733498,0.011566973994378787,0.6094119402519026,0.2255890695562197,0.5548485045259121,0.4909932002000952,0.5964742557903012,0.5179690146185817,1.4385248603115286,11.051871959738541,5.981554790733498,0.0631754587373391,11.348714854377972
1802,0.026073584333062,0.05763576738536401,0.383766293525696,0.031081901863217003,0.11514718085527399,460.1626016,7,Arabella,CHD132/05,2020-06-20,2020-08-12,61,114,0.8501528886532662,3.1953633639377186,0.352684391662479,0.326130526140332,3.1953633639377186,0.05811604857444901,0.0722371533513092,0.547572510590859,0.642314717371691,0.7388513897447466,0.538408213976808,0.6333075158160136,-0.8832327891179753,22.22321812063462,0.4238846422285073,0.3539335196993016,5.658474605877276,0.002785417195005105,0.6514670497122015,0.25693200130317495,0.5782670722423221,0.5196459722396075,0.6135261352327472,0.5422836856366587,1.492443368347371,12.06234681494755,6.658474605877276,0.10502277202911325,12.346937301795338
1803,0.030101280659437,0.065667577087879,0.40464791655540505,0.037105966359377,0.12006563693285001,437.398374,7,PS-1,,2020-06-20,2020-08-07,61,109,0.8320061563939436,3.4303689691066883,0.36754195019602803,0.33898033946752604,3.4303689691066883,0.06412790715694401,0.0778471313416952,0.5529892994408947,0.6585471962361055,0.7207509513276409,0.5423574019208653,0.651867053810677,-0.8803421204205369,23.19498144090176,0.3930194221678944,0.37620740659219354,5.1620655809165745,-0.007754867079632608,0.6305031284716993,0.2710309845280125,0.5854108332292691,0.5240259611769299,0.6107845094671003,0.5377947121499221,1.5206715920360538,10.602379104834961,6.1620655809165745,0.04330014791807994,10.905198173154357
1804,0.028786888346076,0.061352666467428,0.39970394968986495,0.034699454903602996,0.10954674333333998,474.796748,7,,SW11230,2020-06-20,2020-08-08,61,110,0.8402431724213758,3.8766562215398164,0.36500449478626196,0.33835128322243696,3.8766562215398164,0.05921898968517701,0.07199241928756082,0.5537982797438705,0.6569994539826179,0.7338605962158146,0.5697728257059111,0.6781046777969821,-0.8907811281097148,22.966398149728718,0.39624052969439383,0.3702033597654112,5.514858647619936,-0.0114595712653465,0.6431248306953677,0.2701306896964603,0.5859425805683973,0.5280926391859835,0.614068647597839,0.544799418313811,1.5175245768595442,11.224386491104845,6.514858647619936,0.0705899378983271,11.519026762819895
1805,0.027976303361356,0.064994063228369,0.3937240391969679,0.034927166998386,0.114595554769039,411.3821138,7,Reno,,2020-06-19,2020-08-06,60,108,0.8370368892303163,3.5036291336969914,0.3587968721985819,0.32872997596859893,3.5036291336969914,0.06708465609699599,0.08318068552762459,0.5480202713136334,0.6479364681560478,0.716627432470042,0.5491200570297025,0.6560285025605466,-0.8745501411776838,22.730488181114232,0.4179154464391191,0.36630620405741565,5.057846203791624,0.010838174928978445,0.6322406753362996,0.2610888880106165,0.5795451561440781,0.5143273739230346,0.6095237186679765,0.5313081590469031,1.5025815941572334,10.97487429578218,6.057846203791624,0.05982856786900936,11.272716141425443
1806,0.027150687761605,0.064039826393127,0.39458237588405604,0.033582441508769996,0.11787306144833601,408.1300813,7,Zebra,,2020-06-21,2020-08-11,62,113,0.8431331106873301,3.282800798405715,0.36099993437528605,0.33054254949092904,3.282800798405715,0.067346523515879,0.084370931796728,0.5516982849599561,0.6522307500710564,0.7207294977209914,0.5399675645479376,0.6404297941848719,-0.8930845533177872,22.878291457891443,0.43219386912743646,0.3653174642391499,5.161515389841909,0.017513099943415118,0.6451516182379311,0.26574081341934264,0.5834092085972169,0.5172150436935429,0.6137734248972935,0.5343205405078955,1.5093831253310093,11.457928997346299,6.161515389841909,0.08044552915257361,11.749663161953592
1807,0.027273645624518,0.06131255254149401,0.37593737244606,0.032858889549971,0.106269426643848,443.902439,8,Avle,,2020-06-21,2020-08-06,62,108,0.839240753379051,3.6734228692178355,0.343078482896089,0.31462481990456603,3.6734228692178355,0.06249256990849902,0.07780267708003363,0.5365868470749685,0.6267499328870911,0.7195537424357971,0.5592371287820271,0.6663607868544992,-0.8361500363734095,21.722855493426263,0.4253303471001686,0.34583480902533975,5.131491136201512,0.00645673343857224,0.6227188125478924,0.24133487474616827,0.5662630293107224,0.50353402787748,0.603165853608375,0.5267892162751171,1.467077773953998,11.145320258828072,6.131491136201512,0.06720612005625688,11.440964000756738
1808,0.03503646329045299,0.07784425467252701,0.382349282503128,0.045907609164715,0.118739560246468,429.2682927,8,Rabagast,GN07501,2020-06-20,2020-08-03,61,105,0.7856071434791012,3.619424144779003,0.336441673338413,0.30450502783060096,3.619424144779003,0.07474443688988602,0.08831803873181204,0.5141118379678876,0.6066204730128729,0.6616890573897215,0.5260738211814288,0.6696398136754257,-0.7276807033335593,21.46396622061726,0.3599898699771798,0.36314505345115755,3.911721283883879,-0.013099708244142043,0.5220411473225592,0.21734627218550245,0.5436668604753029,0.4756932056525012,0.5719298457932619,0.49098387773808283,1.4396494769334562,7.982161877857611,4.911721283883879,-0.09118670710579099,8.328669025896584
1809,0.029966343194246004,0.072422012686729,0.380630820989609,0.03951258957386,0.10501858219504401,414.6341463,8,Runar,,2020-06-19,2020-07-31,60,102,0.8119090359129123,4.207435499655869,0.341118231415749,0.30820880830288,4.207435499655869,0.075365092605352,0.09246947988867701,0.5262670181581576,0.618505545253605,0.6802933022223742,0.5675127715327842,0.6989856577894489,-0.7887547720264177,21.7834708094597,0.40148983872199795,0.36025801503342736,4.25573381446989,0.013731986270360451,0.5714293309494552,0.23093600370674594,0.5560843464719126,0.48508665639341053,0.5879894957083718,0.5027442846232715,1.4558534232860485,9.3109602497028,5.25573381446989,-0.01868507798440301,9.633153005021457
1810,0.039381759241223,0.080890379846096,0.36969448626041396,0.055369362235069004,0.112362910062075,460.1626016,8,Krabat,GN03509,2020-06-21,2020-08-05,62,107,0.7394774341264292,4.51510014746624,0.31432512402534496,0.288804106414318,4.51510014746624,0.0670296382159,0.07040291093289941,0.48211651724011045,0.5667658793272181,0.6409538538430406,0.5338193712231482,0.7218873039091015,-0.6247096388914407,19.880348145961776,0.2634346511238969,0.3763022457828231,3.5703146278185818,-0.054031263354329846,0.42336607948187643,0.176227359062286,0.509681236386917,0.4557259168198641,0.5372492674665263,0.4729958478268919,1.382012068704877,6.289876117377105,4.570314627818582,-0.19926522160550103,6.676878174808784
1811,0.037187008187175005,0.07605341449379902,0.366514906287193,0.050930568948387996,0.11412912607192999,443.902439,8,Tjalve,,2020-06-21,2020-08-03,62,105,0.7559893592347798,3.9935370632258818,0.31558433733880503,0.290461491793394,3.9935370632258818,0.06398925185203504,0.06873986981809085,0.4884448801751287,0.5718443334985476,0.6563088186719329,0.5250991653354968,0.6945853918724565,-0.6477664893303516,19.939974062144742,0.2797738506677461,0.36661751459135544,3.819177531037435,-0.050220386997559235,0.4501831017538814,0.18256315498789047,0.5159723588877632,0.4622394240123471,0.5465179845942265,0.4820391012539877,1.3870826950256299,6.823591734106615,4.819177531037435,-0.16303656694779353,7.196363870558992
1812,0.038404643535614,0.077826268970966,0.35850289463996904,0.057106509804726,0.111338648945093,375.6097561,8,Zombi,GN11644,2020-06-20,2020-08-03,61,105,0.7251914456506235,4.557523446662322,0.30139638483524306,0.28067662566900303,4.557523446662322,0.060141384601592004,0.058018539845941616,0.46751479124466383,0.5459892943909541,0.6432680853743622,0.5260587299473837,0.725406695159534,-0.592287489333689,18.912573456764182,0.21464994754852842,0.38533490868120646,3.606451001444162,-0.07041178714601196,0.38473034696335806,0.15624548660881862,0.4937635798171536,0.4496441581290374,0.5236126833716482,0.4706739881199669,1.3506255899859265,5.878680272334444,4.606451001444162,-0.2286677306872501,6.277793825359997
