Plot_ID,Blue_Mean_Value,Blue_Median_Value,Blue_Std_Dev_Value,_DVImean,_DVImedian,_DVIstdev,_EVImean,_EVImedian,_EVIstdev,_EXGmean,_EXGmedian,_EXGstdev,_EXGRmean,_EXGRmedia,_EXGRstdev,_GLImean,_GLImedian,_GLIstdev,_GNDVImean,_GNDVImedi,_GNDVIstde,Green_Mean_Value,Green_Median_Value,Green_Std_Dev_Value,_GVImean,_GVImedian,_GVIstdev,_MTCImean,_MTCImedia,_MTCIstdev,_NDVImean,_NDVImedia,_NDVIstdev,NIR_Mean_Value,NIR_Median_Value,NIR_Std_Dev_Value,Red_Mean_Value,Red_Median_Value,Red_Std_Dev_Value,RedEdge_Mean_Value,RedEdge_Median_Value,RedEdge_Std_Dev_Value,_RVImean,_RVImedian,_RVIstdev,_VARImean,_VARImedia,_VARIstdev
1101,0.002484072418564,0.002444914309308,0.000493395217879,0.040562514627479,0.040461361408234,0.004959628042367,0.102008818976978,0.10174510627985,0.012512028922105,0.005727243741592,0.005672125611454,0.001139752324623,0.007609828928571,0.007528976537287,0.001691699899172,0.365246281766861,0.36668336391449,0.024724230394143,0.364724565500306,0.369389772415161,0.03953029307942,0.00534069857912,0.005290548317134,0.000948190712168,-0.075280946466292,-0.075093701481819,0.011210066713016,2.618573785194354,2.608521223068237,0.237571361805618,0.891073072222645,0.891991436481476,0.012987110789251,0.043032595650343,0.042928751558065,0.005167190298024,0.002470080996519,0.002452839631587,0.000362707137211,0.013745446927537,0.013643006794155,0.001977113199746,17.619619895669,17.51704978942871,2.202286796131653,-0.459546922826974,-0.457798898220062,0.027307731520053
1102,0.003232425361385,0.003207219066098,0.000629398042233,0.039147986265036,0.038927771151066,0.004659352857599,0.098575746438677,0.098002165555954,0.011788053657457,0.005305711880599,0.005253210663795,0.001030987057049,0.006842381052561,0.006755458656698,0.001517253097858,0.296896544859485,0.297552227973938,0.024380743870495,0.309637062655669,0.311815470457077,0.033927818057703,0.005787068313854,0.005746736191213,0.000982755011303,-0.088744615237568,-0.088351093232632,0.0114234447945,2.622601700928783,2.609106540679932,0.212931570174301,0.865584424694481,0.86651074886322,0.013304201127939,0.042183985641099,0.041950266808271,0.004959860348002,0.003035999386309,0.003020495641977,0.000439827558293,0.013896529485483,0.013781146146357,0.001925857271296,14.02192804255975,13.98248195648193,1.459006033945468,-0.538208993205171,-0.536962926387787,0.030169233954587
1103,0.00311452171649,0.003069250728004,0.000645165889579,0.039912940437562,0.039764329791069,0.004806180676641,0.100484708846711,0.100137528032064,0.012160812197682,0.005605991320291,0.00553982029669,0.001111589864852,0.007320373417836,0.007240572478622,0.001653933310452,0.315913207620479,0.316695168614388,0.024317398797051,0.326777026168187,0.329906061291695,0.035622986077434,0.005830186754985,0.005775435827672,0.001029798004301,-0.08677636847571,-0.086359553039074,0.010854610626321,2.584014318902133,2.577875375747681,0.207958485008974,0.871483989816478,0.872110158205032,0.011952439178168,0.042852800907711,0.042714109644294,0.00511113676693,0.002939860470912,0.00291791500058,0.000425015336835,0.01414273228641,0.01403577439487,0.002055444052801,14.69552329170862,14.63845729827881,1.44712794258808,-0.514929290482615,-0.513711988925934,0.028996983596445
1104,0.002799141013572,0.002739390940405,0.000632221039343,0.038781111590709,0.038670359179378,0.005043978819013,0.097526583157849,0.097255624830723,0.012741721854922,0.00443314041107,0.004344892455265,0.001050540528548,0.005703492161125,0.005582239478827,0.001570217129725,0.289528524748556,0.289815679192543,0.027560728022096,0.303637502474876,0.306673064827919,0.04322503559002,0.004919356803132,0.004833679413423,0.000993343413133,-0.071809479156827,-0.071547232568264,0.010675303350868,2.977627726034297,2.964290022850037,0.280877407764039,0.881413530940002,0.882043212652206,0.013028879351571,0.041387543782436,0.041239958256483,0.005342153641957,0.002606432181059,0.002581204636954,0.000428289672188,0.012441467131642,0.012304559350014,0.002044743678019,16.07180137751931,15.95536041259766,1.905377334981393,-0.548038993184647,-0.547398865222931,0.033810707902217
1105,0.003279353150967,0.003239242127165,0.000681141926995,0.039701333701678,0.03963066637516,0.004807546900082,0.0999805921724,0.099779233336449,0.012187241122464,0.005566810973805,0.005503964610398,0.001157474014785,0.007249313976958,0.007158908993006,0.001701824158143,0.304984293042865,0.305612295866013,0.025956619692786,0.320072698401817,0.32273456454277,0.035929358483541,0.005945625984773,0.005883253645152,0.001086285514778,-0.089636610983587,-0.089396849274635,0.009945109149003,2.546251543662966,2.54026198387146,0.211590661487549,0.86711639925332,0.867832720279694,0.011685758067141,0.042746421536636,0.042676702141762,0.005180132205069,0.003045087844089,0.003009364241734,0.000474692303772,0.014316805687049,0.01421691197902,0.002181286526047,14.16499999437527,14.13233661651611,1.310998955483114,-0.528396023666749,-0.527154624462128,0.031899486516147
1106,0.003045809745711,0.002975964220241,0.000673162827813,0.036659511108682,0.036240790039301,0.00525699200275,0.09225064209537,0.091177172958851,0.013280229117004,0.003971626122698,0.00386663316749,0.000945435001683,0.004888725355569,0.004731799475849,0.0014353827854,0.249731373754518,0.250310957431793,0.025010321790409,0.260499538340799,0.262564182281494,0.043670068722701,0.004948506100119,0.00485168164596,0.000969591551059,-0.080070675471329,-0.079736113548279,0.010517679473615,2.964384922378464,2.967025756835938,0.251999341077732,0.863772535702196,0.86500757932663,0.014714343136218,0.03953908743817,0.039073165506124,0.005563350455374,0.002879576332674,0.002837480045855,0.000446643223785,0.01219377135322,0.012008574791253,0.002013730433369,13.84595389242997,13.81564617156982,1.545518599689706,-0.598226529308504,-0.597499132156372,0.031150969977648
1107,0.003227648641992,0.003149666939862,0.000782150838831,0.0394149515421,0.039068767800927,0.005544105883476,0.099239463123543,0.098356120288372,0.014047727173722,0.005344959949543,0.005195400910452,0.001328600289771,0.006954906250348,0.006730793043971,0.00194045390849,0.300042862012436,0.300427109003067,0.027752219530285,0.31620867712815,0.317624628543854,0.038051274176508,0.005773169845658,0.005656434455886,0.001261099196331,-0.087017776249828,-0.086142465472221,0.012790910285102,2.614558890165584,2.605996012687683,0.282970270165678,0.869007816977624,0.86985257267952,0.013789882234512,0.042388682649908,0.042016323655844,0.005958838461916,0.002973731102095,0.002936626784503,0.000536184842382,0.013995048011985,0.013737704139203,0.002549466900937,14.43528801419182,14.36718702316284,1.608041926419465,-0.534881382351417,-0.533643305301666,0.034688182404174
1108,0.003011548165672,0.002924886299297,0.000785236454404,0.037681215562555,0.037429109215736,0.005916807961033,0.094871829486375,0.094223000109196,0.01496523844886,0.004815079512716,0.004697704687715,0.001282853131518,0.006061205830305,0.005907172337174,0.001915214912022,0.285425142619466,0.28711873292923,0.029440288955033,0.285695714133242,0.292566895484924,0.049943947077003,0.005395084685576,0.005284942686558,0.001233272040085,-0.085715835757079,-0.084273211658001,0.01318281854907,2.722687632539549,2.714997529983521,0.284343242485059,0.863549039825005,0.866613149642944,0.018552984063162,0.040644757262542,0.040342058986425,0.006275895068469,0.002963541691612,0.002919604303315,0.000538290433005,0.013201238236023,0.012990892864764,0.002526216299619,13.8999564512397,13.99398231506348,1.824298682906631,-0.550531165747856,-0.548975348472595,0.034080059606733
1109,0.003521344749548,0.003472379408777,0.00072601945353,0.037605459583093,0.037462469190359,0.005723389985089,0.094826409533706,0.094466038048267,0.014490273657842,0.005083391553104,0.004985967185348,0.001342730047862,0.006215102688675,0.006103346589953,0.001952593644656,0.262556308472109,0.264877170324326,0.031526897206295,0.260921609915319,0.266061186790466,0.046335289288239,0.006063844272589,0.005956192500889,0.001233990605668,-0.099696248816513,-0.098431989550591,0.015426450172119,2.550427142068127,2.553541421890259,0.262012409631863,0.841391970833302,0.844456017017365,0.020221001348486,0.041128411822926,0.04095396772027,0.006063660244122,0.003522952242403,0.003456909907982,0.000581997603456,0.014212753374045,0.014077574945986,0.002484526974174,11.79857527856356,11.85809898376465,1.508997135931046,-0.578059313864404,-0.575159251689911,0.038804301057735
1110,0.003540861043215,0.00346472277306,0.000812728081766,0.039642576340927,0.039369579404593,0.005427909159457,0.099879428396766,0.099164579063654,0.013748809656966,0.005250726736955,0.005109624005854,0.001278647338063,0.006690568898598,0.006495631998405,0.001864540604578,0.276508941100797,0.277116596698761,0.025593234164117,0.291852649460843,0.295225098729134,0.038930969875299,0.006037989296517,0.00591976265423,0.001264009620859,-0.090868880471049,-0.089475903660059,0.014455664117737,2.637985458076053,2.63008975982666,0.299822499209835,0.857698738412814,0.859245717525482,0.017308071335182,0.042926967161014,0.042593272402883,0.005813417797663,0.003284390811719,0.003249438945204,0.000571091840089,0.01428527133554,0.014097488019615,0.002435163510376,13.25399493714979,13.20915937423706,1.673026990508533,-0.563821136935753,-0.562792897224426,0.032573574421229
1111,0.003266358931238,0.003145499387756,0.000931197698635,0.037798068288906,0.03767192736268,0.006537375081497,0.095192402144322,0.094839222729206,0.016551692862439,0.004939972080736,0.004776053130627,0.001445651397247,0.006263941085454,0.006032164674252,0.002116076338833,0.27828339862685,0.278598636388779,0.030548556228264,0.287706530383809,0.292228817939758,0.047932412031699,0.005647163563709,0.005480248481035,0.001446232606277,-0.090356100659383,-0.088013164699078,0.015929390866412,2.720282821010744,2.713823795318604,0.315853400569272,0.859211799264046,0.862324953079224,0.021076979741993,0.040886064408151,0.040669158101082,0.006999712160401,0.003087996114955,0.003025896148756,0.000660910802796,0.013371107391568,0.01313868816942,0.002812270483465,13.48443691121732,13.5269603729248,1.918710365774773,-0.560772558081433,-0.560418009757996,0.036946133589553
1112,0.002910167458628,0.00284086947795,0.000758947347555,0.039015556984741,0.038889588788152,0.006698543455044,0.098203561123845,0.097818318754435,0.016912982085717,0.005043981491613,0.004888518713415,0.001411509487474,0.006449890666522,0.006243224488571,0.00204532529123,0.302538219650489,0.303265303373337,0.031646450020442,0.304681147718755,0.311566144227982,0.050252545538235,0.005405499645615,0.005286228144541,0.00130173374176,-0.081280909541395,-0.078356146812439,0.018358525915869,2.760767918525088,2.768052577972412,0.357795212587871,0.871420657602324,0.875944018363953,0.023146316541551,0.041872407316899,0.041654672473669,0.007019369883947,0.002856850338754,0.002808517310768,0.000604144033532,0.013356022904277,0.013129737228155,0.002709202162495,15.00995532363533,15.12175226211548,2.602566816340938,-0.530674238452533,-0.529612869024277,0.037200375840657
1201,0.002771163373267,0.002724227379076,0.000537309413618,0.04117765426673,0.040987925603986,0.0049393579278,0.10356273447213,0.103047650307417,0.0124773229148,0.005378193794239,0.005318107549101,0.001039362482788,0.007212208766766,0.007125126430765,0.001547113576217,0.337544757335882,0.339101046323776,0.023639359025967,0.359997603088884,0.363439291715622,0.035240774154197,0.005319491700692,0.00526173482649,0.000918793906915,-0.07235923649535,-0.071912311017513,0.009808238633222,2.494349846252119,2.497321963310242,0.249368701092447,0.892004796232963,0.892696291208267,0.010501622161998,0.043667280518607,0.043434461578727,0.005194611325784,0.002489626234569,0.002470577368513,0.000363331922218,0.014362262960175,0.01429645344615,0.002111727679543,17.69298654833242,17.63868618011475,1.803746280705589,-0.489936821144344,-0.487829655408859,0.028164180794014
1202,0.003003573001291,0.00292646093294,0.00067143988155,0.039681846157538,0.039424074813724,0.005169501552266,0.0998319390151,0.09916502609849,0.013062678281693,0.005129059414573,0.005043905926868,0.001034724747842,0.006730643127757,0.006592454621568,0.001538236930461,0.308735609551271,0.309280544519424,0.025034644675452,0.327646860003286,0.329551860690117,0.036204562353762,0.005435612037501,0.005349920131266,0.001011510741301,-0.079752418092613,-0.079702198505402,0.011292579391951,2.799337439251761,2.791294813156128,0.241448198396768,0.878584288402222,0.879004180431366,0.01309202718806,0.042420437821732,0.042125703766942,0.005478586760059,0.002738591658766,0.002706904779188,0.000443815907877,0.013245564668925,0.013088429346681,0.002043387238769,15.66695495855929,15.52949666976929,1.830884380246147,-0.524648901009708,-0.523322105407715,0.030950620943176
1203,0.002788376438025,0.002742418902926,0.000634391380733,0.039680132514426,0.039431236684322,0.005377665001665,0.099793283529775,0.099158201366663,0.013582102358422,0.005100605752587,0.005035664187744,0.001087802571442,0.006734356308088,0.006641656393185,0.001606339542615,0.322229744664538,0.322637915611267,0.024075831000151,0.338663824794636,0.341351538896561,0.037100369440236,0.005228235840816,0.005168233299628,0.001029902808731,-0.075690681538863,-0.075864788144827,0.011956361958162,2.78721610777812,2.759375929832458,0.273657708928358,0.885297957517751,0.885540634393692,0.013294217520541,0.042247622007114,0.041963880881667,0.005678778578912,0.002567489490009,0.00253597763367,0.000439567504789,0.013120741075746,0.012991939671338,0.002135978472608,16.67812840632241,16.47344875335693,2.1161047850033,-0.508124887708398,-0.507326781749725,0.028652649063895
1204,0.002734574620178,0.00268385768868,0.000554607682394,0.037829603052189,0.037324864417315,0.00532998141142,0.09522054206191,0.093945890665054,0.013447656807241,0.005087887744641,0.004999222233891,0.001105252893106,0.006446720605514,0.006298224441707,0.001641729767774,0.312068099554041,0.313005536794662,0.026750617228681,0.302322459637799,0.30539533495903,0.043752920010704,0.005329230246596,0.005260702688247,0.000973947905713,-0.084807768641682,-0.084794513881207,0.013756580638704,2.688651083018304,2.655600786209106,0.277776195116975,0.868839405093206,0.870325207710266,0.017288990998074,0.040665601182503,0.040143821388483,0.005547651129396,0.002835998130156,0.002824121853337,0.000426992030452,0.0131598901601,0.013002299703658,0.002035607067482,14.51336346684277,14.42319679260254,2.052541848038044,-0.518394106550578,-0.517339169979095,0.030201070185531
1205,0.003101530504205,0.003057984635234,0.000767947995856,0.039649277470865,0.039802838116884,0.005405664468438,0.099753063420134,0.100128009915352,0.013667291541635,0.004423289723885,0.004378505982459,0.001026315149568,0.005627295733958,0.005544098792598,0.00150429356271,0.271064929314608,0.271627053618431,0.025216637620958,0.288839428469853,0.292596399784088,0.038648219060412,0.005183745728831,0.005136050051078,0.001099274515221,-0.073536207965213,-0.073765151202679,0.012458538349768,3.063690954440066,3.023689389228821,0.334239078380609,0.874705688969351,0.874711483716965,0.015109758658779,0.042491948688783,0.04262338578701,0.005785870516461,0.002842671228831,0.00282928510569,0.000530135998735,0.012687606476786,0.01266353437677,0.002172039282106,15.20236473284901,14.96315479278564,2.024087863877214,-0.572442423169716,-0.570890516042709,0.033153615113504
1206,0.00307556610654,0.003010034328327,0.000695569865131,0.03804616426496,0.03797610104084,0.005202483348316,0.095731316011155,0.095528952777386,0.01314005540637,0.004162576864427,0.004060309380293,0.000960071739224,0.005190797592336,0.005037184339017,0.001433450953633,0.258236176369419,0.258919149637222,0.025884806523187,0.271417156613797,0.274276942014694,0.040939297126568,0.005058433020105,0.004967673681676,0.000994955435651,-0.077093064903243,-0.077741466462612,0.012183150926432,3.031572926135464,2.996158838272095,0.310300208016935,0.868241905591343,0.86828601360321,0.015316187850089,0.040924887324718,0.040780045092106,0.005509013260693,0.002878723067176,0.002854096004739,0.000469939286766,0.012385165377143,0.012222046032548,0.00198495098623,14.39070272779024,14.18441963195801,1.850481406274737,-0.588050960139033,-0.58681458234787,0.033561885598971
1207,0.002820172658886,0.002760973991826,0.000562310834928,0.041818873122106,0.041915573179722,0.004589620121325,0.105195324421468,0.105416566133499,0.011591176977391,0.005849523467778,0.005784659646451,0.001231316853609,0.007827788592953,0.00772618688643,0.001787730525226,0.348736133516094,0.35078027844429,0.029424444922927,0.363993405885698,0.367094129323959,0.035917096160204,0.005644060806958,0.005560515914112,0.001043327795403,-0.076560307380277,-0.076956830918789,0.014885665996724,2.640020858122154,2.590275287628174,0.333204075256401,0.888627658425601,0.889016211032867,0.013894566645106,0.044437298619446,0.044475246220827,0.00483146784619,0.002618425488169,0.002590748481452,0.000423712175158,0.014198376556754,0.014059565961361,0.002008608451157,17.25069561849181,17.02065086364746,2.398588911124211,-0.477330022170414,-0.474020749330521,0.03403237223115
1208,0.002812697808464,0.002768706763163,0.000565253714572,0.041449052682733,0.041543830186129,0.004967023073324,0.104232858644771,0.104457706212997,0.012528742112174,0.005152689734027,0.005089687649161,0.001020736915587,0.006798741025581,0.006704461295158,0.001484869801614,0.322277273863537,0.323061585426331,0.026123281617614,0.339093005462287,0.341493248939514,0.034650108682685,0.005280828480884,0.005209795664996,0.000939544921946,-0.070384792676471,-0.070664778351784,0.01414189029115,2.920187541132347,2.873777389526367,0.339905449143767,0.888461442375043,0.888607621192932,0.014000364894735,0.044045322103639,0.044134236872196,0.005202461571498,0.002596269420583,0.002569287549704,0.000418576338404,0.013241875662106,0.013140921480954,0.001899570722191,17.21981078543893,16.95455360412598,2.345112029033798,-0.508395082262482,-0.506865739822388,0.031494892538111
1209,0.002899225188153,0.002822575392202,0.000674742180756,0.042351756080342,0.042156059294939,0.005039783418916,0.106494305279918,0.105983175337315,0.01273357991982,0.00507024410658,0.004948558285832,0.001139351994013,0.006737409352066,0.006543345749378,0.001684995323385,0.316015506547359,0.317064046859741,0.027377458339541,0.340768899445367,0.342556267976761,0.037178045276608,0.005272273205166,0.005164825357497,0.001065537956571,-0.066483192488262,-0.066972188651562,0.012375308907879,2.933048242053378,2.890118837356567,0.346143900859483,0.891668303795676,0.891144871711731,0.012591937930919,0.044926833182731,0.044698491692543,0.005338625495146,0.002575077113991,0.002543966751546,0.000443406077094,0.013453063096567,0.013262425549328,0.002181525813352,17.72187829753462,17.373046875,2.279462327626288,-0.516503516394667,-0.514443576335907,0.034371835743091
1210,0.002851383219691,0.002780597191304,0.000648287545717,0.043510581135605,0.043250028043985,0.005205909518434,0.109435334479213,0.108775429427624,0.013151247088193,0.005590832502231,0.005488038994372,0.001194666866539,0.007436146002009,0.007268466986716,0.001748021719095,0.337032808767564,0.337862223386765,0.024273641779111,0.35242482483135,0.355377942323685,0.035622165042409,0.005540993617907,0.00544644985348,0.001100507554138,-0.067856839935599,-0.068684309720993,0.013773035035308,2.843160450690797,2.795454978942871,0.347945489657543,0.89174182116417,0.891468226909637,0.014307227047794,0.046150352641225,0.045832142233849,0.005482012240805,0.00263977151281,0.002613124903291,0.000464090466869,0.014069233646116,0.013863648287952,0.002236779862684,17.81848464230777,17.42778587341309,2.668239046602849,-0.490530544640996,-0.48904612660408,0.028369068004303
1211,0.002771918343182,0.002726504812017,0.00065628711114,0.042326028132632,0.042458403855562,0.005650603946729,0.106374793254648,0.106698796153069,0.014249389667192,0.004749642483084,0.004706041421741,0.001004640632076,0.006321199824331,0.006239278241992,0.001467634013369,0.313696653442293,0.31493467092514,0.027537375521789,0.341439447089102,0.343591839075089,0.033593289572442,0.004977015453023,0.004923845641315,0.000987678236533,-0.061174839361786,-0.061233129352331,0.014118093755995,3.19465639534827,3.133968830108643,0.398241049571618,0.896771958874489,0.897093534469604,0.013709677940128,0.044758498204953,0.044841334223747,0.005925896718079,0.002432470080219,0.002416000468656,0.000437783660307,0.012614490688719,0.01250138413161,0.002069859964228,18.73035588527098,18.43512725830078,2.742609307283896,-0.520251196592117,-0.517351865768433,0.035161646116434
1212,0.002886021845662,0.002773713320494,0.000810974592781,0.040202346023118,0.039966583251953,0.00612539103506,0.101148800585969,0.100529693067074,0.015480323568485,0.005193708201622,0.005028474144638,0.001383799133909,0.006770110005869,0.006533953361213,0.002044659819195,0.315167466265744,0.31618994474411,0.03074217403026,0.323806357079509,0.329296588897705,0.048761034337824,0.005408455701371,0.005244035739452,0.001303513981771,-0.076678113614416,-0.076661050319672,0.015511073446761,2.841311212438556,2.804527997970581,0.359861236818916,0.879993628523702,0.880908846855164,0.017925967634396,0.042939527381421,0.042659115046263,0.00648121926435,0.002737181354905,0.002682571532205,0.000566840458609,0.013338493367158,0.013039844110608,0.002618414326515,16.04053885874282,15.79385566711426,2.578219456287124,-0.516260405456698,-0.514744102954865,0.036409748479008
1301,0.002282683913557,0.002228790428489,0.00050664178746,0.041435846127104,0.041408304125071,0.003930071445435,0.103998419823994,0.103922307491302,0.009930410731076,0.003585738414991,0.003516711294651,0.000791046197435,0.00472861247692,0.004635361023247,0.001099075800423,0.295976633278463,0.296855390071869,0.027712127627799,0.327413938418972,0.327861040830612,0.031240307987411,0.003929398444349,0.003857776522636,0.000810248736913,-0.04246091168418,-0.04223570600152,0.009560805555354,4.062669435853273,4.041918277740479,0.371986199062526,0.912958309750989,0.913470685482025,0.011962356567084,0.043426220681954,0.043366979807615,0.004248378257561,0.001990374558992,0.001946339034475,0.00041622654897,0.010249268721828,0.010150104761124,0.001597319481758,22.42317587820011,22.11356163024902,3.301118392135527,-0.5437094016871,-0.541524648666382,0.036208801825337
1302,0.002475799515034,0.002431016415358,0.000504663732104,0.044206913173951,0.044125806540251,0.003283964535558,0.110989387059122,0.110779300332069,0.008326461670855,0.004302463580771,0.004096801392734,0.001168078801326,0.00578152155945,0.005491462536156,0.001632969696939,0.31630839163204,0.315946877002716,0.030192957744701,0.352008142863022,0.352299958467484,0.031464923377126,0.004450283529019,0.004303832072765,0.001008455331004,-0.044510077027266,-0.042911559343338,0.013109260352544,3.866706048297324,3.870288610458374,0.478452287987775,0.913002604128955,0.913904130458832,0.012489485060949,0.046329217139621,0.046219471842051,0.003611412409742,0.002122303963907,0.002071550115943,0.000435265727781,0.011336890235432,0.011139748618007,0.001862564017463,22.46972367143742,22.22991752624512,3.412352039250371,-0.517930590279401,-0.51697963476181,0.038833675134594
1303,0.002942431335318,0.002885423135012,0.000711591088412,0.044286222044598,0.044214135035872,0.004629444010886,0.111247627178505,0.111050497740507,0.011718922156406,0.004035264574843,0.003945572767407,0.000983113087921,0.005340695563795,0.005214712582529,0.001398557364573,0.273308098743993,0.273737519979477,0.029048333422955,0.317712686626769,0.319207966327667,0.030974385973139,0.004701857382317,0.004619190702215,0.001039348972503,-0.048340372117951,-0.048020053654909,0.01076261624029,3.892469799712436,3.868150115013123,0.413756260740671,0.901999106388638,0.902174264192581,0.012352031744367,0.046712240903277,0.04661949723959,0.005043149809204,0.002426018854248,0.002384441089816,0.00050635022533,0.011582571207363,0.011437122244388,0.001975634878978,19.74256438367709,19.4445161819458,2.697877574885724,-0.576053149572533,-0.573741286993027,0.041831673128424
1304,0.0028016351669,0.002764854580164,0.000543838526744,0.044766144542766,0.044877726584673,0.00360518634261,0.11238990478336,0.112662803381681,0.009116985792543,0.003519217373164,0.003464756067842,0.00075420150154,0.00464910850988,0.004576021339744,0.001072268473297,0.25782539853557,0.257872730493546,0.027051650963981,0.309302487815434,0.310056820511818,0.027584476917542,0.004288501345897,0.004232215229422,0.00078497987247,-0.039333857513286,-0.039183074608445,0.008371729350888,4.309403791868617,4.281633377075195,0.41228520958848,0.908900277781693,0.909113556146622,0.009776201117949,0.047022294707467,0.047133378684521,0.003916009873071,0.002256150151209,0.002228540251963,0.000385462523834,0.010764717377892,0.010676901787519,0.001518726998664,21.21207559232767,21.0054817199707,2.431801438320443,-0.60029859802325,-0.598572611808777,0.041288567147569
1305,0.002821202980307,0.002783862524666,0.000572598511617,0.044929053680073,0.045232322067022,0.003960724248855,0.112827470619326,0.113584786653519,0.010012745724146,0.004032849223744,0.003976117819548,0.000864690456381,0.005379005149291,0.005299755837768,0.001234688727262,0.28169597133218,0.282102197408676,0.025388995667285,0.327926775263578,0.329171240329742,0.027933366202228,0.00458306508794,0.004537726286799,0.000872391437623,-0.044592048652631,-0.044366216287017,0.009772347009402,4.009343448491846,3.985169768333435,0.391912631375219,0.907106650588164,0.907458543777466,0.010801694237631,0.047241131639835,0.047520998865366,0.00426693515332,0.002312077972116,0.002285949303769,0.00040912774875,0.011366623500578,0.011327771935612,0.001672343880667,20.8267966151739,20.61193370819092,2.581460179999345,-0.564385885800521,-0.562622517347336,0.035924931090213
1306,0.002879232315127,0.002813209779561,0.000613679752898,0.042740401804296,0.04267642647028,0.003276666016676,0.107313033866835,0.107130028307438,0.008304254154555,0.003321561709658,0.003217468038201,0.000840345243687,0.004353878926259,0.004203342366964,0.001177941073821,0.24176806690203,0.241676107048988,0.024577670489901,0.296276519105037,0.296923905611038,0.027332254317052,0.004249330230949,0.004150808323175,0.000910116667813,-0.044316812431518,-0.043306101113558,0.011392170914287,4.326094271896461,4.306754112243652,0.480233763887843,0.903596280993602,0.904160618782043,0.012606875378257,0.045038268231622,0.044912185519934,0.003639157351449,0.002297866437778,0.002252222970128,0.000453068532196,0.010421301217655,0.010278952307999,0.001639704224024,20.10555224689003,19.86825370788574,2.785097954467352,-0.625063245067875,-0.623981952667236,0.039235029040708
1307,0.002754315047463,0.002707526786253,0.000530072974554,0.043088021255858,0.043044513091445,0.003427170404896,0.108185433854944,0.108051463961601,0.008667971093844,0.003797271676508,0.003715789061971,0.000778267425252,0.005076018679341,0.004957729252055,0.001100860690398,0.276153946726427,0.275804102420807,0.025157052214223,0.327159549815507,0.327966526150703,0.025865331476407,0.004385263562155,0.004303366644308,0.000797413120367,-0.04654461066884,-0.045950030907989,0.00921301178657,3.973986142711751,3.966848969459534,0.361835913933546,0.907074504284229,0.907597541809082,0.010503282330217,0.045306961657011,0.045219181105494,0.003724163628278,0.002218940400759,0.002187310252339,0.000385629080601,0.010951659857543,0.010830142535269,0.001497209452482,20.79843846497405,20.64445018768311,2.469569106464605,-0.573356850122811,-0.572631329298019,0.036437392660668
1308,0.002566982927229,0.002542209811509,0.000496667949501,0.044231607614962,0.044379789382219,0.004185787204756,0.111039984354533,0.111398987472057,0.010572010956929,0.003957776220329,0.003911331761628,0.000846295277052,0.005305465883448,0.005242199171335,0.001201035080613,0.295788966563128,0.296297073364258,0.02476346931072,0.339170531100004,0.340250253677368,0.027117778340927,0.004326096187231,0.004302312154323,0.000813661810364,-0.042049116042992,-0.041588313877583,0.008729181755911,4.008944123125779,3.985538482666016,0.383895023690533,0.912652909225551,0.912906527519226,0.009224532913446,0.046359040836846,0.046493291854858,0.004480261074804,0.002127433228584,0.002107477979735,0.000368834926096,0.011042501614939,0.011012732982635,0.001661725992984,22.15698089082106,21.96383666992188,2.487179552422158,-0.545010731137648,-0.543354690074921,0.033799311616323
1309,0.002709198377583,0.002672102535143,0.000564420360594,0.043586079670826,0.043683901429176,0.00438227498925,0.109435130861497,0.109674420207739,0.011059779091555,0.00400120203892,0.003960069967434,0.000836500372551,0.005377848914873,0.005319592775777,0.001209828890542,0.289640829017878,0.291596949100494,0.028448404365404,0.337725244190513,0.340582862496376,0.030276086975291,0.004454396502147,0.004410919966176,0.000832406165127,-0.046480125091238,-0.046243272721767,0.009088593035071,3.929481691463323,3.910709381103516,0.36496057432983,0.90869202429383,0.909163683652878,0.010373566596903,0.045784472270624,0.045833390206099,0.004666446659235,0.002198392588619,0.002173623419367,0.000384286379374,0.011114190128785,0.011052465531975,0.001627654985093,21.18880895107885,21.01762390136719,2.537889201610452,-0.554299296083883,-0.550132513046265,0.040233921249311
1310,0.002946812489666,0.002905022585765,0.00066511726611,0.042127518517527,0.042206298559904,0.004212611582291,0.105822521913242,0.106004811823368,0.010662270748146,0.00351612330672,0.003469355870038,0.000811603010882,0.004532979696043,0.004456092603505,0.001142637567373,0.245323770095834,0.245710775256157,0.024762425726967,0.287514139538776,0.289245188236237,0.028004285154847,0.004461807626638,0.004409110173583,0.000928025803583,-0.050158518964536,-0.050036452710629,0.009318704865588,4.080143352977079,4.052863121032715,0.386912836073295,0.896113003990416,0.895955324172974,0.011747344154571,0.044588197975269,0.044638596475124,0.004613372407138,0.002460679456522,0.002440034411848,0.000477546970611,0.010837807536234,0.01079048961401,0.001751897466754,18.50907347848711,18.22250556945801,2.305116806839963,-0.61536303853552,-0.613410830497742,0.037774327760566
1311,0.003168734320858,0.003138185478747,0.000624991019387,0.04233633516479,0.042464606463909,0.004407925570949,0.106416421016493,0.10676084458828,0.011153100219686,0.004000662207256,0.003964772913605,0.000786052235288,0.005172115236201,0.005123424343765,0.001111000851605,0.255032714431106,0.255330473184586,0.024711491027657,0.29402384664233,0.29505917429924,0.026896869627816,0.004925390061801,0.004893504548818,0.000869109388053,-0.05889532853648,-0.058463409543037,0.008746941075398,3.636338249534956,3.627990245819092,0.29403519405917,0.887984779520343,0.888062357902527,0.01061579436491,0.045017718753576,0.045139320194721,0.004772716511457,0.002681383595748,0.002662468701601,0.000450606382111,0.011876175257867,0.01183080021292,0.001723303722978,17.01808455556953,16.86709594726563,1.740868689459175,-0.59995471485577,-0.598303079605103,0.036641910921537
1312,0.002742387565395,0.002709068357944,0.000685860243559,0.042863067382976,0.042962392792106,0.005242479615204,0.107633051795839,0.107870437204838,0.013243192592574,0.003778228892732,0.003710280288942,0.000928015988028,0.005011563050884,0.004920984851196,0.001330103602884,0.274622015984618,0.274754628539085,0.028821310699752,0.319619410714667,0.321088895201683,0.034068419304025,0.004386404937071,0.004342449363321,0.000991870907328,-0.046810503558767,-0.046228121966124,0.009959710341089,4.012668291158755,3.98889696598053,0.429375793779376,0.905539257695285,0.905734777450562,0.011920309959081,0.045115260784349,0.045203486457467,0.005630051066987,0.002252193415787,0.002221587230451,0.000481421208079,0.010913181883376,0.01085348194465,0.002007160016494,20.52029155380491,20.21672821044922,2.80005677376501,-0.5745309134534,-0.572969853878021,0.0412122756813
1401,0.002820826055404,0.00280496571213,0.000424189262068,0.043190636585543,0.043185386806726,0.003498990406034,0.108465110284749,0.108443185687065,0.008832871617497,0.004054353980137,0.003999419510365,0.000703323824129,0.005449240706352,0.005380843067542,0.001015095497809,0.284427674638144,0.284320175647736,0.024778020137316,0.335672145586978,0.33644226193428,0.026312599828308,0.00457242517864,0.004540184279904,0.000656605381088,-0.050253261480264,-0.049861960113049,0.007991218221112,3.701999871572084,3.693320393562317,0.290261791969493,0.905056904834661,0.905183851718903,0.008323458640772,0.045460306898699,0.045447630807757,0.003716247828184,0.002269670322761,0.002253921004012,0.000303931250811,0.011508716697931,0.011436763685197,0.001363282962558,20.2292611965039,20.09344863891602,1.884322529580637,-0.561380190678764,-0.560601800680161,0.035106231426975
1402,0.002753298843214,0.002717469586059,0.000483342433562,0.041190472874296,0.041228208690882,0.003948017772781,0.103415710593257,0.103502154350281,0.009961145196214,0.003277416981474,0.003239005338401,0.000617165410583,0.004293735064871,0.004246308933944,0.000885087578439,0.247493929512603,0.247356414794922,0.021126683893824,0.298805000160509,0.299437493085861,0.023954992021408,0.004125935593153,0.004080420359969,0.000673366046723,-0.047122882095574,-0.046848051249981,0.007740680094553,4.090350903572212,4.080296516418457,0.305454817870052,0.902882777348393,0.90305757522583,0.008204022238587,0.043411628239497,0.043437443673611,0.004210021407817,0.002221155362617,0.002198080532253,0.000328579585855,0.010358616478325,0.010294562205672,0.001358450720424,19.74156044812202,19.63080024719238,1.762629382579911,-0.615106647687162,-0.614319443702698,0.032931110187693
1403,0.003148645248686,0.003117359592579,0.000678987602287,0.039934370998412,0.039960855618119,0.004470138109187,0.100372980542869,0.100424267351627,0.011308282467242,0.003819754627502,0.003771453746594,0.000868180430651,0.004945249814147,0.00487967999652,0.001247773476039,0.248178318158779,0.248353324830532,0.022537284945917,0.290867771330521,0.292617902159691,0.029089217323853,0.004794591467273,0.004759546136484,0.000962298371312,-0.064493529530089,-0.063700791448355,0.010254096024133,3.560455553091688,3.543777346611023,0.329611944016485,0.884466946743617,0.88464280962944,0.011605997566932,0.042555154058929,0.0425641592592,0.00484935356686,0.002620783058696,0.002606756053865,0.00046645740462,0.011458013765825,0.011409554164857,0.001842164534813,16.48865910887481,16.33745861053467,1.785355272682374,-0.610586115064559,-0.610124707221985,0.033377365314661
1404,0.002590782159567,0.002532433718443,0.000549083795415,0.040567621237462,0.040404606610537,0.004426613354743,0.101868899924859,0.101437896490097,0.011185456388753,0.003831816980494,0.003743049222976,0.000842206533024,0.005086070856955,0.004960262682289,0.001200078430801,0.286254173186232,0.286851197481155,0.022298364821984,0.326347797640905,0.327737867832184,0.027090289420476,0.004298547178334,0.004215963650495,0.000856599920842,-0.052772134952096,-0.052429556846619,0.008143455207655,3.712159474317085,3.698564052581787,0.323856299270316,0.903638706211012,0.904085516929626,0.009641599368199,0.042742116439523,0.042546089738607,0.00475522622494,0.002174495215496,0.002139437245205,0.000394595610911,0.010864308549543,0.010707970708609,0.001773293979139,19.96477149019828,19.85190963745117,2.114172159714827,-0.55707542113007,-0.555603861808777,0.030599884634808
1405,0.00268641126796,0.002615363104269,0.000568171969213,0.039543073124353,0.039555978029966,0.003897834346722,0.099277885117416,0.099305510520935,0.009848706806643,0.003178930874066,0.003098555374891,0.000713499049437,0.00414206275197,0.004035774152726,0.00101701160237,0.245459054358143,0.24566975235939,0.021971164545126,0.293962539135517,0.29461894929409,0.026430330111572,0.004026859511975,0.003934292122722,0.000799810554424,-0.050022848275431,-0.049526855349541,0.008676950329801,4.087748264439592,4.088421583175659,0.365615326201128,0.900872365369663,0.901305347681046,0.010107190540386,0.041731450014641,0.04169686883688,0.004224574006312,0.002188376882172,0.002146210405044,0.000393326256623,0.010031509990559,0.009904365055263,0.001556356653925,19.38731200123065,19.26452255249023,2.090740515920419,-0.617348026215766,-0.615963786840439,0.034033804044408
1406,0.002529828106641,0.002489928738214,0.000497504673309,0.040285057518858,0.040311912074685,0.003479411219252,0.101151516534794,0.101208332926035,0.008801939192347,0.003786092051327,0.00367376639042,0.000922045850095,0.005001420595093,0.004848267650232,0.001300626595529,0.28573161183148,0.285767957568169,0.022130680364242,0.322321394304161,0.323110729455948,0.026451071996638,0.004237199821053,0.004162997705862,0.000874824616566,-0.052375215589731,-0.05191427282989,0.01064953583518,3.821155094806268,3.801690101623535,0.390067990430288,0.903722230330219,0.904175400733948,0.01048770271523,0.042443537010409,0.042455555871129,0.003786667777312,0.002158479483412,0.002123433165252,0.000382925660329,0.010600877675821,0.01050830213353,0.001605515992989,20.02180286726354,19.8714656829834,2.304341301715699,-0.557122150492039,-0.556508779525757,0.029917756990948
1407,0.003009060787841,0.002972985967062,0.000555611133359,0.039311587661116,0.039369814097881,0.004135337433476,0.098763726208534,0.098908606916666,0.010441108924117,0.003349901170861,0.003315916284919,0.00068033782807,0.004283571466766,0.004236755659804,0.000973014282721,0.233110838683497,0.232611231505871,0.026021766871482,0.277725680871599,0.279058918356895,0.028174927049387,0.004427153581659,0.004386917455122,0.000743795314446,-0.059230034833221,-0.058925135061145,0.008740457236,3.842973762479815,3.842193365097046,0.300419874856606,0.887556990430278,0.887972295284271,0.010318941342526,0.04180693286658,0.041856419295073,0.004429724161593,0.002495345204386,0.002468316932209,0.00038483090785,0.010660422148529,0.010607502888888,0.001454690832936,16.93667842128525,16.8527250289917,1.647561902061599,-0.63477022845751,-0.634355932474136,0.041304204021656
1408,0.00289729278955,0.00284113897942,0.000585196799653,0.038836929426027,0.038948848843575,0.004082871312972,0.097548639783243,0.097820766270161,0.010314807101789,0.003081483556486,0.003018970834091,0.00071866885183,0.003900598871295,0.003808516543359,0.001022426651059,0.224176431285114,0.224260821938515,0.024027899450151,0.268190189644465,0.269295990467072,0.030261374667606,0.004195095316591,0.00412767753005,0.000814073689392,-0.055603554546305,-0.055252574384212,0.009358800221451,4.052582640016724,4.032383918762207,0.379320677987538,0.889957337825239,0.890649080276489,0.011704219006177,0.041248343722982,0.041321337223053,0.004412091978982,0.00241141428656,0.002377186436206,0.000427293057322,0.010167398580785,0.010076294653118,0.001579314856151,17.38044428694829,17.28973579406738,1.957481261683688,-0.647848285923407,-0.646306574344635,0.038149846707976
1409,0.002811818962524,0.00277680112049,0.000617910838938,0.041428929586358,0.041522443294525,0.004601275946014,0.104039157880748,0.104275949299335,0.01162591675373,0.003645397627084,0.003592654131353,0.000818986220644,0.004827152169797,0.004748188890517,0.001172175147205,0.2635172815338,0.263636499643326,0.022842718333991,0.312937998986285,0.314293056726456,0.026300764432046,0.004365749268379,0.004317104350775,0.000885665023912,-0.051040724216177,-0.050693493336439,0.008565068720478,3.880495262420425,3.865965127944946,0.374930045434026,0.901595619616188,0.901675879955292,0.009611101776414,0.043703211530673,0.043793048709631,0.004956064458753,0.002274281947312,0.002254725666717,0.000416175978126,0.010851729543445,0.010800437070429,0.001799608709181,19.52287075126038,19.34088706970215,2.053066212921695,-0.590962901244188,-0.58983850479126,0.03437471054993
1410,0.002622993202634,0.002534984145314,0.000723407431811,0.038473102963742,0.038158975541592,0.004828172123013,0.096612308216422,0.09577214717865,0.012212213444361,0.003411739401959,0.003293286310509,0.000931963181956,0.004444934022303,0.004280221648514,0.001325930028014,0.260722479189036,0.261221051216125,0.02334678925964,0.299630300505922,0.301131248474121,0.030035109394289,0.004119683904411,0.00400125561282,0.001043442486909,-0.055130094895962,-0.054671283811331,0.010076964897352,3.896877971936608,3.869580030441284,0.439941053097012,0.898143901347345,0.898371994495392,0.012166777407686,0.040677738166051,0.040317613631487,0.005267185157546,0.002204635203316,0.00215141614899,0.000500296131634,0.010184184731105,0.010012435726821,0.002051916814294,18.92222293363606,18.67961883544922,2.429274072277107,-0.592330154602473,-0.590584814548492,0.033889541315697
1411,0.002943904152078,0.002900391933508,0.000613037107939,0.040329752065679,0.040379598736763,0.00424354482154,0.101269256680722,0.101387664675713,0.010715341864749,0.003173622528768,0.003113421727903,0.000695998907801,0.004132255882236,0.004053058568388,0.000991527277745,0.231176867447482,0.231867358088493,0.025397914896419,0.287130927415836,0.287643760442734,0.027187528667291,0.004225502222536,0.004164822865278,0.000805139525126,-0.051587000238722,-0.051456224173307,0.00951064506107,4.236313445923337,4.223924398422241,0.393742501961482,0.896700555822803,0.896881312131882,0.010982477101991,0.042663229816576,0.042700747027993,0.004567672653789,0.002333477764008,0.002304760739207,0.000415389246991,0.010103248663543,0.010002893395722,0.001564993851693,18.58446804946329,18.39512729644775,2.12237081135412,-0.642641703796944,-0.639223486185074,0.043019767243605
1412,0.002265595807735,0.002246337477118,0.000470170789289,0.042749849971944,0.042936082929373,0.004202153134074,0.107282331870559,0.107764847576618,0.010608690084951,0.004004901131645,0.003963794093579,0.000926975533937,0.005412123975599,0.005354616325349,0.001307687047739,0.32254566430276,0.323368161916733,0.026115078890987,0.360079849418069,0.361699759960175,0.029672914654434,0.004095262709041,0.004063013475388,0.000847158168313,-0.042213241145579,-0.041853621602058,0.009809868264483,4.014495337154648,3.983570575714111,0.440830391306266,0.918075497018768,0.91809493303299,0.010197113194273,0.044669878465753,0.044858556240797,0.004495013780927,0.00192002847756,0.001906816964038,0.000372888116761,0.010550653375162,0.010520306415856,0.001740374151261,23.80639262870362,23.41851043701172,3.210808963766327,-0.510173948897306,-0.508214354515076,0.033203516944911
1501,0.002496493245903,0.002455002395436,0.000478444269073,0.043821051192653,0.043855063617229,0.003674245292427,0.109986170364061,0.110065199434757,0.009279579783593,0.004022340639976,0.003971905447543,0.000809712072216,0.00546921454516,0.005386945791543,0.001143953447599,0.308176573011536,0.308430165052414,0.023577137654056,0.358060220875888,0.358409970998764,0.025969621093555,0.004266385294469,0.004213340114802,0.000788761000761,-0.042478635380791,-0.041644997894764,0.009827094919127,3.947912839662959,3.934177398681641,0.392993299943231,0.916226478634548,0.916779577732086,0.010405907656355,0.045834987892847,0.045849822461605,0.003940045991599,0.002013936706167,0.001983020687476,0.000365554645144,0.010953675126562,0.010889482684433,0.001569389984062,23.24209510895123,23.03255653381348,3.006275508598672,-0.529097314393362,-0.527989268302917,0.031669950585992
1502,0.002568027430493,0.002524899551645,0.000499253137792,0.043643889495989,0.043695125728846,0.003725647831205,0.10952929617896,0.109647534787655,0.009410674232359,0.003688927849177,0.003635913832113,0.000754785143981,0.005009899370627,0.004935058299452,0.001070259535019,0.287244715397698,0.287548303604126,0.024121530787853,0.345594366927285,0.346438407897949,0.027622794888435,0.004132647707138,0.00407699495554,0.00077019898522,-0.040204619821544,-0.039789985865355,0.008877562563324,4.1523125752532,4.132387638092041,0.407849284230252,0.916183376268652,0.916471660137177,0.010342158248547,0.04565222962637,0.045706003904343,0.004009815278483,0.002008340133791,0.001979393418878,0.000373012465651,0.010562184504603,0.010483430698514,0.001560025814447,23.23218807028124,22.94397735595703,3.051964671971036,-0.558978506204756,-0.55736643075943,0.034611981707864
1503,0.002759276883378,0.002712795278057,0.00054157079347,0.041904917798065,0.041860580444336,0.003816748202394,0.10521409257458,0.105084948241711,0.009644906051515,0.003676957455865,0.003626286284998,0.000733279519023,0.004908099431816,0.004837022162974,0.001046863009955,0.270344406745794,0.270550757646561,0.024871371479256,0.323254392974758,0.324598252773285,0.02882150343106,0.00432199227581,0.004262996837497,0.000783003145243,-0.04895655214874,-0.048539076000452,0.008307037067564,3.947907428744255,3.937332391738892,0.323441530430358,0.905144332474725,0.905566990375519,0.010564285626047,0.04411266801491,0.044049967080355,0.004124139465941,0.002207750213684,0.002172951120883,0.00039399949883,0.010739891095992,0.010680261068046,0.001516330381997,20.34805367394835,20.17902946472168,2.395411332531383,-0.581894860055412,-0.580496966838837,0.036357379859162
1504,0.002382708087784,0.002307851798832,0.000486917190444,0.042630199852523,0.042436026036739,0.003273429702002,0.106982972742121,0.106484167277813,0.00828599358411,0.003782270449342,0.003557100426406,0.001051429851752,0.00509765766963,0.00478116190061,0.001473545196301,0.300608737579419,0.299699127674103,0.029000329770961,0.346192757306948,0.346672505140305,0.030269696111606,0.004064212628258,0.003890778403729,0.000933181273241,-0.041733354971477,-0.040156655013561,0.012305415819636,4.158141223497476,4.162483692169189,0.50074750971487,0.916246654983463,0.917451202869415,0.011784879735464,0.044593646568003,0.044366080313921,0.0035850598303,0.001963446720121,0.001901139854454,0.000404583900363,0.010340994090926,0.01011173799634,0.001686453983584,23.34378953028264,23.22808837890625,3.3462890640041,-0.539394473353285,-0.539600908756256,0.039115688939968
1505,0.002992061642419,0.002937720157206,0.000676757000248,0.042217568740258,0.042227141559124,0.004175497074518,0.106052990269242,0.106052614748478,0.010572636430367,0.00390827641047,0.003804709995165,0.00101802145537,0.005178615085481,0.005030420608819,0.001445972648233,0.264121179964073,0.263401806354523,0.029824586623651,0.313855951224599,0.314382910728455,0.031703731779468,0.004661185888603,0.00455393595621,0.001030717718379,-0.054192588491018,-0.053506426513195,0.011711024890108,3.816593243197521,3.801378726959229,0.424689358667795,0.897787954598822,0.898181021213531,0.01247712149942,0.044639602466917,0.044587437063456,0.004570128551671,0.002422033724568,0.002377741038799,0.000487180193368,0.011294078080637,0.011141330003738,0.001891222179518,18.86335784265426,18.64270210266113,2.460810982741097,-0.590403824482783,-0.589871525764465,0.044190906852955
1506,0.003014858489238,0.00295399397146,0.000700752005594,0.042786417793661,0.042828069999814,0.003929284237228,0.107475404972801,0.107567150145769,0.009949023746597,0.003854266655031,0.003773181699216,0.000900253736874,0.005117748665644,0.005007245345041,0.001279609903072,0.262111167275099,0.26178540289402,0.024882610998099,0.314582521814904,0.314510822296143,0.027727670122099,0.004640718436007,0.004558897111565,0.000997435079976,-0.052016183445831,-0.051270654425025,0.011948661778801,3.846751110256601,3.83926796913147,0.408112358228548,0.899377400513194,0.900192826986313,0.013218435452644,0.045198729518986,0.045242672786117,0.004311587206568,0.002412311729943,0.002367707318626,0.000491901373271,0.011333891975168,0.011237137485296,0.001796089868547,19.22105806843637,19.03863906860352,2.664059688824216,-0.593579533907473,-0.592938244342804,0.037308599460341
1507,0.002528577082416,0.002444887766615,0.000558654272087,0.043118747079557,0.043087132275105,0.003646245482211,0.108270259792928,0.108152285218239,0.00925107346838,0.004502534879851,0.004195034038275,0.0014083235212,0.006096410467085,0.005649502389133,0.001985091675145,0.321473855716966,0.319701075553894,0.031480783923396,0.360535419568559,0.359383553266525,0.033101597471638,0.004583156198971,0.004353951662779,0.001184465605321,-0.050324639404346,-0.048014309257269,0.015155507072388,3.721556438063133,3.735702514648438,0.529737309648411,0.910686615210387,0.912011504173279,0.013137033844785,0.045253947506545,0.045123066753149,0.004028940765564,0.002135200436446,0.002060760743916,0.000475184982827,0.011439546616162,0.011137596331537,0.002125607086798,21.87401084386312,21.7302417755127,3.323191391030286,-0.511412198172796,-0.512469470500946,0.040260976805313
1508,0.002988646087616,0.002930541988462,0.000678271278112,0.042794719665712,0.042717821896076,0.004464598015384,0.107504611853218,0.107293490320444,0.011300737654005,0.003958949323171,0.003873421810567,0.000951879378599,0.005236768675524,0.005119006149471,0.001352798375822,0.266750938250757,0.266528189182281,0.025339594887656,0.314239208774727,0.315355092287064,0.029874443858324,0.004693785678453,0.004609988303855,0.001010965873092,-0.052942479298582,-0.052607282996178,0.010511745358689,3.861228004230862,3.846400618553162,0.401547714021804,0.898314984293579,0.898519724607468,0.012216236093851,0.045234695604195,0.045126494020224,0.004859832893587,0.002439975946881,0.002400708617643,0.000488785204538,0.011345079319111,0.011221436783671,0.001918235951718,18.9625963653575,18.70826530456543,2.486068719762655,-0.585470995172212,-0.584505558013916,0.036876004713996
1509,0.002618529942697,0.002586139482446,0.000525767377357,0.042682717386302,0.042664896696806,0.004457075383722,0.107128588248307,0.107053611427546,0.011246669902668,0.003672134225349,0.003619354800321,0.000788768667492,0.004981975155217,0.004903973080218,0.001125326357783,0.282390108584501,0.282225117087364,0.024014841761706,0.341477578241776,0.342060893774033,0.026280495891466,0.004165049392733,0.004120871890336,0.000803824550695,-0.043680797681808,-0.043166907504201,0.009150807063742,4.042785435058712,4.024834632873535,0.382647184544484,0.913176556408107,0.913382589817047,0.009726086722415,0.044722152025009,0.044685313478112,0.004749741022632,0.002039434616948,0.002017732826062,0.000373415522877,0.010583311991339,0.010528842918575,0.001663870936587,22.3300126539328,22.09004974365234,2.66393275359381,-0.566034917795867,-0.565266519784927,0.03497461929712
1510,0.002376599183536,0.002334676333703,0.000555646579606,0.03886369100761,0.038932651281357,0.004788369175739,0.09754950481746,0.097711566835642,0.012079054188729,0.003274078836931,0.003223650506698,0.000759800018859,0.004271740487782,0.004202540731058,0.001068787834934,0.270857598570534,0.270809382200241,0.023679959996388,0.306900252103806,0.30842712521553,0.029209677961735,0.00384071532289,0.003791819442995,0.000829597948642,-0.048420002297553,-0.048023883253336,0.009025136926102,4.097046897569055,4.082250118255615,0.373374854259299,0.905870687455983,0.906376987695694,0.011637349546208,0.040894443623374,0.040910877287388,0.005116380222192,0.002030752624398,0.00200609001331,0.000415889710612,0.009726837138874,0.009669999126345,0.001681593791791,20.57672470768138,20.36227035522461,2.704163323452212,-0.577761522450336,-0.576874524354935,0.032656005897329
1511,0.002639342410102,0.002588739967905,0.000563376739554,0.039276181523165,0.03928791731596,0.004517928527923,0.098573585731627,0.098604381084442,0.011394563361626,0.003026567908157,0.002966886851937,0.000696443121208,0.003996714526815,0.003919405862689,0.000988929976389,0.242834603509019,0.242688901722431,0.024523273364515,0.301369861793575,0.302315846085548,0.027964488280771,0.00386784879384,0.00380179239437,0.000781447185004,-0.047726481602508,-0.04742081835866,0.009169769719122,4.34844052018128,4.334589004516602,0.40494036881013,0.905067848525071,0.905492663383484,0.010566678159243,0.041345968783511,0.041329421103001,0.004828455622605,0.002069787268473,0.002035602810793,0.000391658277647,0.009480289658884,0.009380037896335,0.001550111062879,20.33321879380743,20.16237831115723,2.413301289539549,-0.62542673854013,-0.624000370502472,0.039835083623585
1512,0.002730771854167,0.002708172425628,0.000538028742268,0.041357468595164,0.041463062167168,0.004442629904322,0.103814561492473,0.104078225791454,0.011205455815074,0.003187813471543,0.003162170760334,0.000652896954586,0.004192536083924,0.004151554778218,0.000924353726776,0.245763765018113,0.245758384466171,0.027427814636565,0.301113206428889,0.302154302597046,0.029824915391613,0.004045164912139,0.00402667094022,0.000726747647559,-0.04491341570438,-0.044416595250368,0.008623220319509,4.362774285817606,4.349227905273438,0.38519502450042,0.90534847634259,0.905593276023865,0.010522303048894,0.043529213098758,0.043636705726385,0.004745789579022,0.002171744499341,0.002154255984351,0.000392898643183,0.009940504432475,0.009925381280482,0.001467681662522,20.3983399864476,20.18492889404297,2.444589369606054,-0.619964765365459,-0.617645740509033,0.043782456486888
1601,0.002676002102431,0.002635133918375,0.000528570564253,0.040306862894934,0.040299315005541,0.003805808096354,0.101196874980894,0.101154468953609,0.009618697658676,0.003760536034307,0.003701858222485,0.00079214727519,0.005043447013058,0.004957355093211,0.001120585855706,0.279987654714297,0.27990910410881,0.023343250532934,0.331425751996728,0.331802845001221,0.024516311402983,0.004293468007735,0.004235395696014,0.000810978364344,-0.053722503239259,-0.053583975881338,0.009082336093059,3.863024920061308,3.835299730300903,0.360063657242075,0.904084941530921,0.904130518436432,0.010018928108235,0.04245726077328,0.042403992265463,0.004119822997321,0.002150397878268,0.002119910903275,0.000382437518904,0.010511289929758,0.010408419184387,0.001566895979434,20.08250906108526,19.86170196533203,2.231454057842633,-0.567913645265314,-0.566744744777679,0.033740257253494
1602,0.002764443405062,0.002723145415075,0.000584025446223,0.040871474190929,0.040882114320993,0.004364016513143,0.102634415797305,0.102648824453354,0.011029164985799,0.003692215334,0.00363411323633,0.000799142397063,0.004899385557617,0.004816873231903,0.001126978586645,0.269134122607182,0.269510179758072,0.022060537214952,0.317999688747543,0.318502634763718,0.025023070982621,0.004351195562729,0.004298574524,0.000866364238094,-0.052709057103132,-0.052520673722029,0.008881271072545,3.871425273361996,3.851850390434265,0.354511100091255,0.901568372058269,0.901944994926453,0.010396910123961,0.043117206565727,0.043117124587297,0.004718550016493,0.002245732385079,0.002217853325419,0.000424988838403,0.01071204324959,0.010633286554366,0.001711943624517,19.54881349809071,19.39671897888184,2.20376598860403,-0.5824961152589,-0.580922067165375,0.03227379777857
1603,0.002874058992677,0.002817320986651,0.000652058291313,0.038841142379671,0.038789408281446,0.00396393442456,0.097524438283153,0.097376007586718,0.010024213869665,0.003169627720672,0.003096353495494,0.000781482689749,0.004163152492485,0.004055036464706,0.001093947757202,0.235627641368669,0.235538437962532,0.022380253688001,0.29454720781381,0.294804066419601,0.025173016505886,0.004148687016123,0.004076371667907,0.000913201365158,-0.054789975091055,-0.054597148671746,0.010761497404616,4.109712729261068,4.072519063949585,0.438379395392205,0.896815465064054,0.896662801504135,0.01283837697636,0.041094829696432,0.041017554700375,0.004348843520572,0.002253687318179,0.002219316433184,0.00046784517935,0.009942228047462,0.00985136302188,0.001678324899466,18.6968265854543,18.35411262512207,2.568267409506504,-0.636146724806955,-0.635054379701614,0.036592889006418
1604,0.00248509380033,0.002444253768772,0.000495660529341,0.039307430388644,0.039259407669306,0.003744477357424,0.098633366730295,0.09848940372467,0.009446691464834,0.002997927652987,0.002950915135443,0.000656040338322,0.003978623717334,0.003915001638234,0.000934791143677,0.252000521679359,0.252336829900742,0.025084762149018,0.309596094557008,0.310523420572281,0.028432922723224,0.003719741095426,0.003663015086204,0.00070898238336,-0.044612620717729,-0.044324934482574,0.008824878510444,4.292087676176014,4.268877506256104,0.404464518119495,0.909909668883731,0.91014552116394,0.010248782918013,0.04126389112892,0.041158504784107,0.004022029344248,0.001956460737123,0.001929345540702,0.000355997132654,0.009447908973485,0.009364850819111,0.00139362583941,21.49106336427092,21.25820732116699,2.594726021190148,-0.610943256147896,-0.608997941017151,0.039010829640296
1605,0.002413676781572,0.002374875475653,0.000506781287646,0.04100792985933,0.040875857695937,0.003949195272323,0.102932267924219,0.102575574070215,0.009982014153579,0.003980307480584,0.003877326613292,0.000997843287394,0.00540017045825,0.005246364278719,0.00141996091342,0.310270161600014,0.311014398932457,0.027320936726061,0.356379599055443,0.357658535242081,0.029890372394475,0.00418428610747,0.004102821927518,0.000907136358787,-0.049310683082987,-0.048807866871357,0.010252211332306,3.732080978497321,3.704165816307068,0.405535069863786,0.912736104609266,0.913144916296005,0.010236549642645,0.042982517804884,0.042819110676646,0.004264791660316,0.001974587951551,0.001942415256053,0.000383994331664,0.010746446839866,0.010634960141033,0.001775043385635,22.23809803961847,22.02685737609863,2.754015887332921,-0.526319448530746,-0.524241656064987,0.036384504122254
1606,0.002829999348782,0.002780851442367,0.000576797633269,0.039787994992434,0.039555285125971,0.004300356633837,0.099925454822187,0.09932004660368,0.010865794977951,0.003584996063457,0.003517003031448,0.000769987040205,0.0047293639526,0.004638085141778,0.001098432855857,0.259116555743379,0.258957594633102,0.025963228743666,0.308967495107297,0.308796912431717,0.028539453263062,0.00435368093936,0.004288674332201,0.000821953322343,-0.056384162160237,-0.056080557405949,0.008623747697589,3.786763554665451,3.777811288833618,0.322616923990316,0.897158223684852,0.897496521472931,0.01002357180841,0.042080361461958,0.041816517710686,0.004640270945141,0.002292366465692,0.002258142689243,0.000408324887084,0.010667380704292,0.010546852834523,0.001622144294309,18.63428132931184,18.51152992248535,1.936823118274767,-0.597672093512891,-0.596236765384674,0.039076911689442
1607,0.002848125400305,0.002785275457427,0.000694889745839,0.039377836940325,0.039199233055115,0.004515764762148,0.098894223311401,0.098420105874538,0.0114231216479,0.003438640859976,0.003323094919324,0.000927371520208,0.004506059576057,0.004342551808804,0.001314111289054,0.24941941829611,0.25020170211792,0.028842658909499,0.299091242293426,0.300576239824295,0.031179263795194,0.004296696693291,0.004192672204226,0.001004764472825,-0.055974222323496,-0.055755227804184,0.010181680103783,3.938798730243022,3.916506290435791,0.403120424124241,0.895961528788042,0.895959198474884,0.012500399370019,0.041684464060171,0.041485913097858,0.004931423236488,0.002306627125753,0.002266304101795,0.000492509932728,0.010375685684791,0.010224341414869,0.001873640158723,18.51278902389057,18.22322273254395,2.442041090309216,-0.612353548433985,-0.609554469585419,0.044878766819519
1608,0.002654175605038,0.002609334071167,0.000555916880948,0.039559610618812,0.039501003921032,0.004145051669361,0.09929049641504,0.099128004163504,0.010462692583385,0.003087312251339,0.003008312894963,0.000734046724694,0.004084657645653,0.003973908256739,0.001039910346905,0.245261493745339,0.244777843356133,0.026407787982599,0.30372037078071,0.303872272372246,0.026562101061966,0.00391152089211,0.003841744503006,0.000789229707012,-0.047699253833854,-0.047372920438647,0.008765639508581,4.25312893029349,4.237145900726318,0.419686401125348,0.905276252763227,0.905383884906769,0.01019107272336,0.041641164551413,0.041550504043698,0.004458974474011,0.002081553927613,0.00205309689045,0.000384888175202,0.00968917553865,0.009577572811395,0.001564109921321,20.36521167089332,20.13804721832275,2.362666462857641,-0.621967982943547,-0.620465874671936,0.043059294811732
1609,0.002943869275717,0.002891527721658,0.000595584690452,0.037738889903375,0.037718035280704,0.003825642414416,0.094764263429126,0.094703055918217,0.009664980556742,0.002986763207483,0.002936946460977,0.000683041220597,0.003875629382342,0.003804787644185,0.00097224124023,0.221035525655067,0.221777938306332,0.025069937336099,0.280499295528708,0.281997010111809,0.027514982640339,0.004118899612887,0.004056624136865,0.000790239632772,-0.057994617006881,-0.05760664306581,0.009054917957311,4.088029631425861,4.077229261398315,0.350568536046535,0.891582253575325,0.892081141471863,0.011129290624775,0.040046056661646,0.040018057450652,0.004160050498345,0.002307166742118,0.002275713020936,0.000410935989673,0.009784457604013,0.009727844968438,0.001476841408715,17.64219587462709,17.53243923187256,1.920571170130825,-0.660379654922177,-0.657367914915085,0.043403912405786
1610,0.002649847735969,0.002570018870756,0.000694368803352,0.03815411085025,0.038084434345365,0.004823066715121,0.095795649675291,0.095595348626375,0.012183081041166,0.003411287663568,0.003293491317891,0.000979478201174,0.004513841062538,0.00435400288552,0.001390062182005,0.261406861393439,0.26230488717556,0.027840269045576,0.310931588377131,0.312135010957718,0.032227977018462,0.004101686756065,0.003981120185927,0.001038597779027,-0.056192965177524,-0.055460808798671,0.012059387332199,3.887931307290286,3.858291149139404,0.441208431318345,0.899808085198514,0.90065523982048,0.0139947585729,0.040296348956323,0.040188482031226,0.005210673231346,0.002142238112682,0.002088126610033,0.000492721197449,0.010056085064921,0.009903118479997,0.00195249802326,19.35849044000249,19.13191318511963,2.892153453735761,-0.594553753444844,-0.591987788677216,0.041675503115856
1611,0.002695608163343,0.002648329595104,0.000592636028093,0.039849577315161,0.039686171337962,0.004709471421658,0.100031181292883,0.099620778113604,0.011885272576422,0.003209873869938,0.003143704961985,0.000774668850486,0.004257163402285,0.004169071093202,0.001098058066136,0.249453180083115,0.249793075025082,0.024266318592639,0.307304518522574,0.307960003614426,0.026972994498135,0.004011325177957,0.003946597920731,0.000851296868086,-0.048850145750055,-0.048354858532548,0.009269517563941,4.120390434735328,4.097841739654541,0.391708321799188,0.904451066043876,0.904611378908157,0.010821151758263,0.041966745641351,0.041785111650825,0.00504462358466,0.002117168320643,0.002084664884023,0.000414794721277,0.00997833442714,0.009869167115539,0.001701137598795,20.20887785923994,19.96686458587646,2.480574248652645,-0.614702947371888,-0.612679123878479,0.038605645754709
1612,0.002275864654711,0.002245124313049,0.000494549201638,0.042940196860948,0.042888715863228,0.004201555854308,0.107750950449271,0.107602678239346,0.010613356524726,0.003943389113754,0.003840734250844,0.000954777648708,0.005355051805726,0.005201102700084,0.001336674069045,0.320532218570857,0.320833548903465,0.02568806342298,0.363521095918056,0.364388003945351,0.026627125730756,0.004052940325664,0.003973356448114,0.000887135092731,-0.040735344315101,-0.040025034919381,0.009873550358405,4.049100441437684,4.019148826599121,0.44544526264142,0.919850538079744,0.920206904411316,0.010568185009883,0.044826823718177,0.044741613790393,0.004521388595567,0.001886626881716,0.001861746422946,0.000394031932397,0.010499162897959,0.010401485022157,0.001780222696653,24.39898856070223,24.06483268737793,3.442126759161747,-0.513053503510058,-0.511632412672043,0.033232776262864
1701,0.002947078002842,0.002857424551621,0.000778593466832,0.035752884412042,0.035336267203093,0.00545812082169,0.089893261896343,0.088809125125408,0.013808983737251,0.004461279598069,0.004353928379714,0.001171897929599,0.005925221826146,0.005757357459515,0.001699355129878,0.290246238800486,0.291036784648895,0.026073338083684,0.327063490936116,0.329091340303421,0.032957584878652,0.004948754672814,0.004833970218897,0.00118967701177,-0.084861780451039,-0.084087178111076,0.011150855715908,2.8775185319656,2.869831085205078,0.286443564567346,0.878295073737611,0.878587365150452,0.012237317360321,0.038242036159913,0.037798911333084,0.005899593721809,0.002489151745488,0.002446752274409,0.000517097262117,0.01181217029933,0.011627219617367,0.002346938370717,15.60126155834733,15.47274971008301,1.688617036261501,-0.550870843676595,-0.54900050163269,0.035212303808777
1702,0.00297742411532,0.002890167757869,0.000769820933882,0.034527004366753,0.03428603336215,0.005642388034707,0.086835776619102,0.086201965808868,0.014268547627869,0.004207288297499,0.004108622204512,0.001103012969566,0.005466863078388,0.005329663399607,0.001605446824365,0.273350729531976,0.274205565452576,0.026823740880347,0.303404975145937,0.306360393762589,0.037532966345289,0.004888345886708,0.004783507902175,0.001148377416267,-0.08861697434552,-0.087613221257925,0.011990369508387,2.852311995310889,2.846088528633118,0.271330893507977,0.869626814416634,0.870662271976471,0.014005107633993,0.037118983724239,0.036841573193669,0.006073180302836,0.002591979360674,0.002539194189012,0.000528396261104,0.011637431313971,0.011459192726761,0.002296492657812,14.51491648929267,14.46339082717896,1.641369065582136,-0.572022598395962,-0.570380121469498,0.035846482110081
1703,0.002995305138225,0.002921087434515,0.000671369310142,0.033524082409052,0.033152736723423,0.004926630333163,0.084297141802421,0.083332225680351,0.01244799096921,0.003779573526532,0.003692530561239,0.000910792529234,0.004842865539953,0.004700571298599,0.00132881111292,0.252157737104375,0.252126008272171,0.025926520177059,0.285652818188224,0.287417054176331,0.033929597136644,0.004678632285149,0.004588851239532,0.000955453867696,-0.088079128380118,-0.087519593536854,0.010886832492648,2.993611851219322,2.982492923736572,0.288917624658115,0.866466132546249,0.867560029029846,0.012809989052916,0.036106468324136,0.035704772919416,0.005280726130365,0.002582385906803,0.002558089327067,0.000443498376727,0.011050956970353,0.010900879278779,0.00195804722764,14.11181948541462,14.10118007659912,1.415232042161506,-0.602586691343791,-0.601107358932495,0.037617490213691
1704,0.002926771751467,0.002855119295418,0.000652578159226,0.033657273452993,0.033379819244146,0.00484079767358,0.084610932613841,0.083895090967417,0.012229156125035,0.003542938944755,0.003462485503405,0.000813284145217,0.004506884728582,0.004383139079437,0.001186947516844,0.24479502680975,0.245054699480534,0.024466085128968,0.278425308341267,0.279619351029396,0.032908180827551,0.004496471773453,0.004406583728269,0.00089801433374,-0.082912645387132,-0.082656677812338,0.009426839911086,3.138190667419384,3.125737071037292,0.259543331693761,0.869663369656478,0.870101690292358,0.011530598312688,0.036180506302796,0.035859489813447,0.005196981534834,0.002523232850481,0.002481379895471,0.000435885795441,0.010717412472274,0.010562695097178,0.001845767567138,14.46461381178422,14.39665842056274,1.364197235405728,-0.613033489611068,-0.611395806074142,0.035636630563731
1705,0.002687997480845,0.002641781931743,0.000545066558111,0.035150575241075,0.034975098446012,0.0044680424918,0.088371866360102,0.087939478456974,0.011289796398508,0.004678913835529,0.004638703539968,0.001009129724358,0.006185803562029,0.006118798162788,0.001455218443357,0.313141932922435,0.314109027385712,0.025512624151183,0.335824904606281,0.338096007704735,0.030543099890737,0.004892658953576,0.004859151318669,0.00092458299071,-0.087120725081645,-0.0867650359869,0.011201854308442,2.802924975678912,2.773048996925354,0.260706618640361,0.879103109327495,0.879635751247406,0.011161520224007,0.037568981823114,0.037391593679786,0.004772721537519,0.002418406590948,0.002399205113761,0.000388193956943,0.011729854820726,0.011665725149214,0.001845546585169,15.68344887157971,15.61622953414917,1.534665924372315,-0.520151369815009,-0.518205493688583,0.031724038682056
1706,0.003029761591401,0.002949650399387,0.000679578747715,0.035757192534287,0.03554243221879,0.004925233058785,0.089934997430797,0.089386783540249,0.01245346046611,0.004654135062812,0.004568554461002,0.001095010185338,0.00612537549458,0.005986248608679,0.001594111964276,0.290247845709285,0.290948867797852,0.027500584605026,0.320918678406466,0.322249680757523,0.033123819319946,0.005159008265338,0.00507619837299,0.001051114182798,-0.09003465781101,-0.08979556709528,0.011796374228055,2.828214738740022,2.814258337020874,0.276707677211918,0.871637894765586,0.871716022491455,0.012388619493856,0.038391312384379,0.038125425577164,0.005278039756015,0.002634119878098,0.002606762805954,0.000450747585102,0.012056722542373,0.011932836845517,0.002071104866376,14.72843333352129,14.59040927886963,1.543487188851537,-0.549961035803162,-0.547688186168671,0.036937756302851
1707,0.00305622541483,0.002991207875311,0.000692406530017,0.035547409175948,0.035264313220978,0.005146547418844,0.089431315342982,0.088701225817204,0.013012778226977,0.004806305016954,0.004690719768405,0.001135094004885,0.006319241058932,0.006155154667795,0.00166130805419,0.293988589042074,0.295057505369186,0.026046438784237,0.321645721142297,0.323582231998444,0.034104950847258,0.005274781422164,0.005182152148336,0.001087939566154,-0.093706020577636,-0.092975661158562,0.012828370208306,2.689972749211541,2.68952751159668,0.24915291997508,0.868593415238154,0.868879616260529,0.012874813316742,0.038234441575583,0.037920895963907,0.005503625705793,0.00268703241323,0.002663780469447,0.00045843042441,0.012397270515202,0.012238320894539,0.002153497352755,14.36741014259406,14.25315761566162,1.519026427707473,-0.544256325370381,-0.541989207267761,0.034116110530201
1708,0.002800823706883,0.002725864644162,0.000579942310065,0.03472071770745,0.034574925899506,0.004775323964616,0.087336264296207,0.086924977600574,0.012066482106565,0.004901365089683,0.00479528401047,0.001090337537206,0.00644296809318,0.006298400694504,0.001571464235268,0.312606183258204,0.314069032669067,0.028312719969601,0.33131785598563,0.333751693367958,0.03495108119306,0.005134145170651,0.005027424776927,0.000993471933919,-0.094721438459168,-0.094651691615582,0.012924013057836,2.636529370566003,2.618971228599548,0.242566734342057,0.871016627949461,0.870764344930649,0.015141055991296,0.037286819249594,0.037044711410999,0.005071377640363,0.002566101546494,0.002536605810747,0.000437564888037,0.012178198478287,0.011976050678641,0.001984609358327,14.729026542408,14.47560596466064,1.928502393767666,-0.520289123262772,-0.51783287525177,0.034862034132245
1709,0.002768983343509,0.002636010991409,0.000768112064819,0.031872170923674,0.031413108110428,0.00580591611289,0.080146857566371,0.078982971608639,0.014667436675327,0.003924637248781,0.00375411985442,0.001181865644924,0.005019943399602,0.004775618202984,0.001742203301203,0.269038578637227,0.269338667392731,0.030933617316016,0.2890495184143,0.292592465877533,0.045315210579291,0.004597645931696,0.00442835688591,0.001170647455781,-0.093619712695364,-0.093039982020855,0.013279053209173,2.891866354726137,2.893804550170898,0.293390112547146,0.863888859401714,0.864596724510193,0.015585113239396,0.034373842193918,0.03382021933794,0.006201044874873,0.002501671271961,0.002435422036797,0.000499062421436,0.010790735442182,0.010488362982869,0.002339741372221,13.88687775172829,13.7706937789917,1.708134041756125,-0.57583947297923,-0.575014054775238,0.039799232737729
1710,0.002938135969802,0.00283767178189,0.000698821449981,0.03293369158492,0.0325444675982,0.005375762627815,0.082823086370548,0.081837743520737,0.013575677323579,0.003848618585366,0.003711009747349,0.001015861859347,0.004909016688922,0.004697688156739,0.001502009775753,0.256760521089194,0.257171273231506,0.029209143691442,0.284159677519838,0.285232663154602,0.040870468447633,0.004689476818791,0.004556255415082,0.001024909024003,-0.091125049992535,-0.089784719049931,0.012840716391437,2.925923359934745,2.924036026000977,0.288175861206407,0.863563502667678,0.865422397851944,0.016025910630322,0.035525890661849,0.035084150731564,0.005719769943453,0.002592199082524,0.002540941233747,0.000468165498882,0.011058725229987,0.010849034879357,0.002096836057653,13.84310158284459,13.86131572723389,1.602968984493075,-0.594222350892745,-0.592574387788773,0.040021886283544
1711,0.002693623360609,0.002611211733893,0.000690590485338,0.035821962926613,0.035529464483261,0.005702433651433,0.090062092432593,0.089301198720932,0.014413222473636,0.004816378108738,0.004674091003835,0.001274470253442,0.006413679188435,0.006206818390638,0.001859902006644,0.319805318745417,0.320535063743591,0.028693236983119,0.343626709919793,0.34598383307457,0.037966389881873,0.004953722766293,0.004825554788113,0.001171170546872,-0.085328879900074,-0.084365695714951,0.012052835667974,2.769973150287697,2.766823291778564,0.277842256208775,0.881991549743776,0.883091568946838,0.013385672817652,0.038219406987848,0.03786539286375,0.006077547023904,0.002397444062484,0.002353718038648,0.000476573714197,0.012011036954673,0.011807939037681,0.002428303977238,16.16390420867142,16.10740280151367,1.9319225861274,-0.511858891106998,-0.510593831539154,0.03514074937246
1712,0.002682278561086,0.002584614790976,0.00069844797318,0.034043483956977,0.0336645655334,0.005787131120654,0.085583834306728,0.084601804614067,0.014615775027216,0.004237903236714,0.004114798270166,0.001181524546887,0.005530666092107,0.005355059634894,0.001725500871649,0.292107205026942,0.293628185987473,0.030664673174317,0.314446688760953,0.318467646837234,0.042623505544115,0.004664162032564,0.004528929945081,0.001131090380564,-0.085813379862287,-0.084659196436405,0.012999158204352,2.934564506036212,2.918856859207153,0.31854302934737,0.875844782774138,0.877487242221832,0.015845197799385,0.036451626225668,0.036039762198925,0.006149971565328,0.002408142268344,0.002365949098021,0.000490598214107,0.011178252670516,0.010967709124088,0.002363276582649,15.36261031387971,15.3248291015625,2.025841489981318,-0.546355880371765,-0.543861985206604,0.038570866498765
1801,0.002881315842804,0.002806867938489,0.000768204586503,0.036537648418137,0.036279663443565,0.00572525221313,0.091887673121066,0.091241203248501,0.014487077694825,0.004957675549666,0.004798826295882,0.001355127691116,0.006637574199711,0.006395818199962,0.001960776257184,0.314599149288102,0.314629405736923,0.026514695841614,0.34550645271076,0.346352249383926,0.034629407529511,0.005163716278138,0.005030904896557,0.001283902803961,-0.086773113165423,-0.085882589221001,0.013626376754083,2.655658593144918,2.645346641540527,0.290186892761804,0.880544214997984,0.881591618061066,0.013281213990257,0.039026089580758,0.038730252534151,0.006162818616838,0.002488441163079,0.002432724228129,0.000532270430775,0.012598504870801,0.012364364229143,0.002544917173135,15.94726158799008,15.89069366455078,1.861797261855451,-0.518552545923166,-0.517725467681885,0.033621073543947
1802,0.002692625182938,0.002620594576001,0.000650241071922,0.03710125491178,0.037153780460358,0.005167536548121,0.093248206995939,0.093366801738739,0.013042567338212,0.004579492925859,0.004501498304307,0.00099020358997,0.006111224695499,0.005996359046549,0.001446652675469,0.313119454523647,0.313314765691757,0.024422284253268,0.34330743998181,0.344725996255875,0.032272825477611,0.0048051297694,0.004726747516543,0.000993678420615,-0.077010375763619,-0.076072849333286,0.01290912311155,2.901525375987795,2.89104151725769,0.283047165291649,0.888096480396287,0.888944864273071,0.013540438624012,0.039439396346881,0.039451185613871,0.005480819644149,0.002338141428943,0.002300131833181,0.000439859186676,0.01191465986537,0.011832954362035,0.002002452452795,17.13587465557679,17.00907325744629,2.205011644362805,-0.520738123552286,-0.519634425640106,0.0308941980422
1803,0.002863906836051,0.002799313748255,0.000641031246003,0.035958551807038,0.035585831850767,0.005298829833179,0.090426611712498,0.08946930617094,0.013391457122956,0.004652375951251,0.004555311985314,0.001106788132861,0.006131574035664,0.005978730972856,0.001592596764272,0.300049202930447,0.301503390073776,0.026700377638541,0.326919917777917,0.32844203710556,0.033429823153434,0.005024221009886,0.004924425855279,0.001048074685921,-0.086320466409614,-0.085377737879753,0.01250584180083,2.803426282724623,2.781364679336548,0.282105145774541,0.876547193136638,0.877608239650726,0.012905253069172,0.038490711041448,0.038122963160276,0.005650669332547,0.002532159232368,0.002487836405635,0.000457444474439,0.012072308976876,0.011910453438759,0.002171961442828,15.37344049748478,15.34096622467041,1.671825383064421,-0.536952197215099,-0.534002900123596,0.035071238485553
1804,0.002894085935325,0.002828254830092,0.000707570603477,0.035755300806032,0.035708239302039,0.004644722584205,0.089877727009352,0.089735057204962,0.011751251538388,0.004021452426232,0.003954381216317,0.000925454351872,0.00525328457636,0.005149482050911,0.0013322436769,0.272595003088866,0.272494941949844,0.023839928865119,0.307454648034827,0.308733999729156,0.029120001947302,0.004694400865711,0.004630020586774,0.001010986467954,-0.078813134448267,-0.078590780496597,0.010102511001716,3.106415886678525,3.083250641822815,0.285227329497348,0.879060445454486,0.879441738128662,0.011570027322313,0.038228564179311,0.038173282518983,0.005053778118253,0.0024732633686,0.002442258759402,0.000478081959251,0.011259768458076,0.011175372637808,0.001966574934471,15.68967652270943,15.58948707580566,1.607269833705689,-0.574504395715567,-0.573533535003662,0.033348080890497
1805,0.002945615758524,0.002857194747776,0.000698969505936,0.036281044191323,0.035966217517853,0.005323592895134,0.091264515510393,0.090455517172813,0.013475826369257,0.004918730493477,0.004801606759429,0.001214055675173,0.00650145644207,0.006326959002763,0.001746450261492,0.305786945703294,0.307259410619736,0.028330433876747,0.33172527766222,0.333082735538483,0.033522929217498,0.005237421558466,0.005130033940077,0.001146674736709,-0.089522061360476,-0.088964648544788,0.011199042516586,2.695690548046079,2.690633535385132,0.26920150993103,0.874455308291699,0.875232458114624,0.012189917519554,0.038891541063331,0.038546249270439,0.005732000131643,0.00261049686465,0.00256275665015,0.000496681638716,0.01252842388515,0.012351726181805,0.002355209157152,15.07939740126887,15.02981281280518,1.546856238962732,-0.529491006792562,-0.526522636413574,0.036675889432891
1806,0.002712880604794,0.002651163376868,0.00057340398739,0.037620872836775,0.037447327747941,0.004841137955637,0.094567319285965,0.094115111976862,0.012220144569829,0.004833125191681,0.004753726534545,0.001008113580427,0.006484615448318,0.006366502027959,0.001471274372838,0.322484832859141,0.322868883609772,0.024901738060759,0.353260607315201,0.355971172451973,0.033801883546741,0.004951621028651,0.004866229603067,0.000946989623767,-0.078464586681673,-0.077601436525583,0.012845026886751,2.761335598209037,2.74507749080658,0.26931854350347,0.888580705317701,0.889992892742157,0.0139479362496,0.039978109105675,0.039747452363372,0.005112022165736,0.002357236263058,0.002324805711396,0.000413926831361,0.012429842913113,0.012290427461267,0.001964069440943,17.22185805388525,17.1806468963623,2.201863362311358,-0.508727438664142,-0.507833689451218,0.030683101452837
1807,0.002708580358102,0.002606627647765,0.000692000843166,0.034765738782588,0.034221863374114,0.005638983533096,0.087407196429302,0.086020473390818,0.014244727772647,0.004627764805237,0.0044628623873,0.001266096885511,0.006150004911739,0.005889273714274,0.001865302423194,0.310620630551965,0.310222759842873,0.033931192856345,0.337043793664222,0.337544694542885,0.042260362355262,0.004860357292031,0.004703470505774,0.001136600804659,-0.087864415463674,-0.087813679128885,0.012814011943986,2.712153063602629,2.691111087799072,0.307433664147862,0.879217231021014,0.879829794168472,0.013166367787589,0.037150108196081,0.036542123183608,0.005989391992764,0.002384369419805,0.002324062748812,0.000451729596336,0.01185877957801,0.011565693188459,0.002364526561951,15.75490795522169,15.64305925369263,1.82193426586324,-0.524083829487175,-0.523098677396774,0.043129407059258
1808,0.003125754464323,0.003031820990145,0.000813589016951,0.034528117446327,0.034080173820257,0.006123621931292,0.086918365713065,0.085772112011909,0.01549504018257,0.004561089794066,0.004438345320523,0.001329379628424,0.005810147923189,0.00560619821772,0.00192798656667,0.272994864679567,0.272916495800018,0.032021421868299,0.289250176842978,0.292153388261795,0.044085314382674,0.0052847354605,0.005161857232451,0.001284845676231,-0.097486812857275,-0.095922790467739,0.014112855550073,2.694303312542286,2.687287569046021,0.301389462785244,0.856568510080189,0.858958065509796,0.017794462230217,0.03741074410147,0.036926727741957,0.006559049455491,0.002882626662611,0.00283951102756,0.000578122371402,0.012346248805984,0.012133552692831,0.002616863344868,13.1466764098025,13.18018054962158,1.661302266590242,-0.569716804569506,-0.56863397359848,0.041564092679902
1809,0.002546328711066,0.00246260734275,0.000605477696422,0.035677380672943,0.035213243216276,0.005312328393075,0.089678386478677,0.088504549115896,0.013431025107565,0.004711071921424,0.004530987236649,0.001248387373597,0.006266371760789,0.006003699498251,0.001786025251252,0.324910996304527,0.324803277850151,0.028691854899466,0.345796256912777,0.346494436264038,0.03273205338099,0.004780589474129,0.004626597743481,0.001103672454286,-0.082043163415509,-0.081754885613918,0.01181992329171,2.809865349162202,2.793701648712158,0.315039694141177,0.885869862857052,0.886291682720184,0.011359058966106,0.037981158980758,0.037469385191798,0.00567986050858,0.00230377831274,0.002252884558402,0.000444358914047,0.011784836031172,0.011504421476275,0.002320033060071,16.69998357419242,16.58886051177979,1.78855443222845,-0.50617350497831,-0.50542938709259,0.034990017030317
1810,0.003125545548782,0.003042353549972,0.000712660789668,0.034344588289767,0.034145180135965,0.005174539468886,0.086399627092717,0.085887990891933,0.013082736460486,0.0042800152409,0.004187017679214,0.001029791941764,0.005542082395576,0.005403622519225,0.001502108318152,0.267566466793716,0.266938775777817,0.029323398380821,0.299239002645992,0.3011574447155,0.036504593654603,0.005058732196371,0.004965870175511,0.001046142519972,-0.093698388912753,-0.093390420079231,0.011983100691757,2.80747533611008,2.800776720046997,0.267802535936138,0.863496307420114,0.864214539527893,0.014539518270838,0.037056491889119,0.036814987659454,0.005547668688131,0.002711903601613,0.002667522989213,0.000490318272283,0.011809980953762,0.011676052585244,0.002120093828633,13.81867279154171,13.72911548614502,1.587836249680058,-0.580280704675726,-0.580398976802826,0.039771808988295
1811,0.002781445686852,0.00270856404677,0.000681712063522,0.035290395241553,0.035254161804914,0.006132039906646,0.088713506838682,0.08861580863595,0.01548272161272,0.004174616593909,0.004048062954098,0.001197065396784,0.005477945221605,0.005295623093843,0.001717215263435,0.284546829493853,0.284459337592125,0.03724515477396,0.315574989004683,0.317541718482971,0.039919418609265,0.004686199203211,0.004588722018525,0.001100752382982,-0.081205894515557,-0.080011900514364,0.013849660772086,2.973770218600934,2.956629991531372,0.37995577300252,0.879289063693249,0.880607575178146,0.014453312363359,0.037706731359957,0.037660151720047,0.006505598243113,0.002416336126535,0.002373495022766,0.000483670671231,0.011420297910322,0.011251550167799,0.002414825362777,15.79931502523399,15.75147914886475,1.954798301030933,-0.559079831041149,-0.556885302066803,0.050513445330825
1812,0.002727242860558,0.002653811592609,0.00066977524745,0.032786746756397,0.032693654298782,0.005839874529534,0.082470054488765,0.082208294421434,0.01474709858569,0.004108919377004,0.004014550242573,0.00115349511894,0.005191107986293,0.005071401363239,0.001644899338485,0.2763564506009,0.277029424905777,0.032406577168389,0.285863359124662,0.289618119597435,0.043181819314192,0.004715799178975,0.004626610316336,0.001101043057296,-0.092511628704058,-0.091147441416979,0.014855173405162,2.876136412601452,2.879444241523743,0.322604973385686,0.862710894858804,0.864514529705048,0.01837752027857,0.035382182876595,0.03526771068573,0.006199554689709,0.002595436120531,0.002548761782236,0.000516638889588,0.011155241275501,0.011041704099625,0.002317415638786,13.82017531853171,13.76173114776611,1.919127203603937,-0.564743797022507,-0.563123315572739,0.040917231178752
